scientific_name,group,source,conservation_status,match_level,speciesnet_detectable,geofence_status,speciesnet_common_name,speciesnet_label
Aburria aburri,Ave,Lista Roja de las Aves del Ecuador 2019,,direct_model_species,yes,allowed,wattled guan,8f6d3436-93ee-465c-96b0-e517d750a244;aves;galliformes;cracidae;aburria;aburri;wattled guan
Accipiter bicolor,Ave,Lista Roja de las Aves del Ecuador 2019,,not_found,no,,,
Accipiter collaris,Ave,Lista Roja de las Aves del Ecuador 2019,,not_found,no,,,
Accipiter poliogaster,Ave,Lista Roja de las Aves del Ecuador 2019,,not_found,no,,,
Accipiter striatus,Ave,Lista Roja de las Aves del Ecuador 2019,,not_found,no,,,
Accipiter superciliosus,Ave,Lista Roja de las Aves del Ecuador 2019,,not_found,no,,,
Acropternis orthonyx,Ave,Lista Roja de las Aves del Ecuador 2019,,not_found,no,,,
Actitis macularius,Ave,Lista Roja de las Aves del Ecuador 2019,,direct_model_species,yes,allowed,spotted sandpiper,de674f6d-8ee5-4a65-95eb-12a492fb36b2;aves;charadriiformes;scolopacidae;actitis;macularius;spotted sandpiper
Adelomyia melanogenys,Ave,Lista Roja de las Aves del Ecuador 2019,,direct_model_species,yes,allowed,speckled hummingbird,75cfaf2a-ccd5-4efe-83cc-0df47512a8dc;aves;caprimulgiformes;trochilidae;adelomyia;melanogenys;speckled hummingbird
Aegolius harrisii,Ave,Lista Roja de las Aves del Ecuador 2019,,not_found,no,,,
Aeronautes montivagus,Ave,Lista Roja de las Aves del Ecuador 2019,,not_found,no,,,
Agamia agami,Ave,Lista Roja de las Aves del Ecuador 2019,,direct_model_species,yes,allowed,agami heron,7283d7f5-7cca-4c57-9fb7-1fb5b9fb1701;aves;pelecaniformes;ardeidae;agamia;agami;agami heron
Agelasticus xanthophthalmus,Ave,Lista Roja de las Aves del Ecuador 2019,,not_found,no,,,
Aglaeactis cupripennis,Ave,Lista Roja de las Aves del Ecuador 2019,,not_found,no,,,
Aglaiocercus coelestis,Ave,Lista Roja de las Aves del Ecuador 2019,,not_found,no,,,
Aglaiocercus kingii,Ave,Lista Roja de las Aves del Ecuador 2019,,not_found,no,,,
Agriornis albicauda,Ave,Lista Roja de las Aves del Ecuador 2019,,not_found,no,,,
Agriornis montanus,Ave,Lista Roja de las Aves del Ecuador 2019,,not_found,no,,,
Amaurolimnas concolor,Ave,Lista Roja de las Aves del Ecuador 2019,,not_found,no,,,
Amaurospiza concolor,Ave,Lista Roja de las Aves del Ecuador 2019,,not_found,no,,,
Amazilia amabilis,Ave,Lista Roja de las Aves del Ecuador 2019,,not_found,no,,,
Amazilia amazilia,Ave,Lista Roja de las Aves del Ecuador 2019,,not_found,no,,,
Amazilia fimbriata,Ave,Lista Roja de las Aves del Ecuador 2019,,not_found,no,,,
Amazilia franciae,Ave,Lista Roja de las Aves del Ecuador 2019,,not_found,no,,,
Amazilia lactea,Ave,Lista Roja de las Aves del Ecuador 2019,,not_found,no,,,
Amazilia rosenbergi,Ave,Lista Roja de las Aves del Ecuador 2019,,not_found,no,,,
Amazilia tzacatl,Ave,Lista Roja de las Aves del Ecuador 2019,,not_found,no,,,
Amazona amazonica,Ave,Lista Roja de las Aves del Ecuador 2019,,not_found,no,,,
Amazona autumnalis,Ave,Lista Roja de las Aves del Ecuador 2019,,not_found,no,,,
Amazona farinosa,Ave,Lista Roja de las Aves del Ecuador 2019,,not_found,no,,,
Amazona festiva,Ave,Lista Roja de las Aves del Ecuador 2019,,not_found,no,,,
Amazona mercenarius,Ave,Lista Roja de las Aves del Ecuador 2019,,not_found,no,,,
Amazona ochrocephala,Ave,Lista Roja de las Aves del Ecuador 2019,,not_found,no,,,
Amazonetta brasiliensis,Ave,Lista Roja de las Aves del Ecuador 2019,,not_found,no,,,
Amblycercus holosericeus,Ave,Lista Roja de las Aves del Ecuador 2019,,direct_model_species,yes,allowed,yellow-billed cacique,02b0ce60-2687-474d-a5ea-1d19bd37eb90;aves;passeriformes;icteridae;amblycercus;holosericeus;yellow-billed cacique
Ammodramus aurifrons,Ave,Lista Roja de las Aves del Ecuador 2019,,not_found,no,,,
Ammodramus savannarum,Ave,Lista Roja de las Aves del Ecuador 2019,,direct_model_species,yes,blocked by allow-list,grasshopper sparrow,8b073a27-8240-413b-b775-484eca29f6c5;aves;passeriformes;passerellidae;ammodramus;savannarum;grasshopper sparrow
Ampelioides tschudii,Ave,Lista Roja de las Aves del Ecuador 2019,,not_found,no,,,
Ampelion rubrocristatus,Ave,Lista Roja de las Aves del Ecuador 2019,,not_found,no,,,
Ampelion rufaxilla,Ave,Lista Roja de las Aves del Ecuador 2019,,not_found,no,,,
Anabacerthia ruficaudata,Ave,Lista Roja de las Aves del Ecuador 2019,,not_found,no,,,
Anabacerthia striaticollis,Ave,Lista Roja de las Aves del Ecuador 2019,,not_found,no,,,
Anabacerthia variegaticeps,Ave,Lista Roja de las Aves del Ecuador 2019,,not_found,no,,,
Anabazenops dorsalis,Ave,Lista Roja de las Aves del Ecuador 2019,,not_found,no,,,
Anairetes nigrocristatus,Ave,Lista Roja de las Aves del Ecuador 2019,,not_found,no,,,
Anairetes parulus,Ave,Lista Roja de las Aves del Ecuador 2019,,not_found,no,,,
Anas acuta,Ave,Lista Roja de las Aves del Ecuador 2019,,direct_model_species,yes,blocked by allow-list,northern pintail,e6e4883c-6ae2-438d-93e6-4118af51ce80;aves;anseriformes;anatidae;anas;acuta;northern pintail
Anas americana,Ave,Lista Roja de las Aves del Ecuador 2019,,not_found,no,,,
Anas andium,Ave,Lista Roja de las Aves del Ecuador 2019,,not_found,no,,,
Anas bahamensis,Ave,Lista Roja de las Aves del Ecuador 2019,,not_found,no,,,
Anas bahamensis galapagensis,Ave,Lista Roja de las Aves del Ecuador 2019,,not_found,no,,,
Anas clypeata,Ave,Lista Roja de las Aves del Ecuador 2019,,not_found,no,,,
Anas crecca,Ave,Lista Roja de las Aves del Ecuador 2019,,not_found,no,,,
Anas cyanoptera,Ave,Lista Roja de las Aves del Ecuador 2019,,not_found,no,,,
Anas cyanoptera borreroi,Ave,Lista Roja de las Aves del Ecuador 2019,,not_found,no,,,
Anas discors,Ave,Lista Roja de las Aves del Ecuador 2019,,not_found,no,,,
Anas georgica,Ave,Lista Roja de las Aves del Ecuador 2019,,not_found,no,,,
Ancistrops strigilatus,Ave,Lista Roja de las Aves del Ecuador 2019,,not_found,no,,,
Andigena hypoglauca,Ave,Lista Roja de las Aves del Ecuador 2019,,not_found,no,,,
Andigena laminirostris,Ave,Lista Roja de las Aves del Ecuador 2019,,not_found,no,,,
Andigena nigrirostris,Ave,Lista Roja de las Aves del Ecuador 2019,,not_found,no,,,
Androdon aequatorialis,Ave,Lista Roja de las Aves del Ecuador 2019,,not_found,no,,,
Anhima cornuta,Ave,Lista Roja de las Aves del Ecuador 2019,,direct_model_species,yes,allowed,horned screamer,d7ceea36-ef55-4e6b-a8b3-8cf64cbf2382;aves;anseriformes;anhimidae;anhima;cornuta;horned screamer
Anhinga anhinga,Ave,Lista Roja de las Aves del Ecuador 2019,,direct_model_species,yes,allowed,anhinga,ad5052c3-b46d-4d12-ba8a-b11a10e487f9;aves;suliformes;anhingidae;anhinga;anhinga;anhinga
Anisognathus igniventris,Ave,Lista Roja de las Aves del Ecuador 2019,,not_found,no,,,
Anisognathus lacrymosus,Ave,Lista Roja de las Aves del Ecuador 2019,,not_found,no,,,
Anisognathus notabilis,Ave,Lista Roja de las Aves del Ecuador 2019,,not_found,no,,,
Anisognathus somptuosus,Ave,Lista Roja de las Aves del Ecuador 2019,,not_found,no,,,
Anous minutus,Ave,Lista Roja de las Aves del Ecuador 2019,,not_found,no,,,
Anous stolidus,Ave,Lista Roja de las Aves del Ecuador 2019,,direct_model_species,yes,allowed,brown noddy,06c15985-fbe7-4da4-9972-22c03280eaf0;aves;charadriiformes;laridae;anous;stolidus;brown noddy
Anous stolidus galapagensis,Ave,Lista Roja de las Aves del Ecuador 2019,,binomial_model_species,yes,allowed,brown noddy,06c15985-fbe7-4da4-9972-22c03280eaf0;aves;charadriiformes;laridae;anous;stolidus;brown noddy
Anthracothorax nigricollis,Ave,Lista Roja de las Aves del Ecuador 2019,,not_found,no,,,
Anthus bogotensis,Ave,Lista Roja de las Aves del Ecuador 2019,,not_found,no,,,
Anthus cervinus,Ave,Lista Roja de las Aves del Ecuador 2019,,not_found,no,,,
Antrostomus rufus,Ave,Lista Roja de las Aves del Ecuador 2019,,not_found,no,,,
Anurolimnas castaneiceps,Ave,Lista Roja de las Aves del Ecuador 2019,,not_found,no,,,
Anurolimnas fasciatus,Ave,Lista Roja de las Aves del Ecuador 2019,,not_found,no,,,
Anurolimnas viridis,Ave,Lista Roja de las Aves del Ecuador 2019,,not_found,no,,,
Aphriza virgata,Ave,Lista Roja de las Aves del Ecuador 2019,,not_found,no,,,
Ara ambiguus,Ave,Lista Roja de las Aves del Ecuador 2019,,not_found,no,,,
Ara ararauna,Ave,Lista Roja de las Aves del Ecuador 2019,,not_found,no,,,
Ara chloropterus,Ave,Lista Roja de las Aves del Ecuador 2019,,not_found,no,,,
Ara macao,Ave,Lista Roja de las Aves del Ecuador 2019,,not_found,no,,,
Ara militaris,Ave,Lista Roja de las Aves del Ecuador 2019,,not_found,no,,,
Ara severus,Ave,Lista Roja de las Aves del Ecuador 2019,,not_found,no,,,
Aramides axillaris,Ave,Lista Roja de las Aves del Ecuador 2019,,not_found,no,,,
Aramides cajaneus,Ave,Lista Roja de las Aves del Ecuador 2019,,direct_model_species,yes,allowed,grey-necked wood-rail,033f2ecb-bf36-4ce1-bf3f-7efcd71fe374;aves;gruiformes;rallidae;aramides;cajaneus;grey-necked wood-rail
Aramides calopterus,Ave,Lista Roja de las Aves del Ecuador 2019,,direct_model_species,yes,allowed,red-winged wood-rail,3fd64afc-551e-4363-92a8-786ee90b3c1a;aves;gruiformes;rallidae;aramides;calopterus;red-winged wood-rail
Aramides wolfi,Ave,Lista Roja de las Aves del Ecuador 2019,,not_found,no,,,
Aramus guarauna,Ave,Lista Roja de las Aves del Ecuador 2019,,direct_model_species,yes,allowed,limpkin,ab76dc57-00aa-4dca-a5d6-0706f1585360;aves;gruiformes;aramidae;aramus;guarauna;limpkin
Aratinga weddellii,Ave,Lista Roja de las Aves del Ecuador 2019,,not_found,no,,,
Ardea alba,Ave,Lista Roja de las Aves del Ecuador 2019,,direct_model_species,yes,allowed,great white egret,f8db21f0-6b79-4444-8be4-b87906d56e6a;aves;pelecaniformes;ardeidae;ardea;alba;great white egret
Ardea cocoi,Ave,Lista Roja de las Aves del Ecuador 2019,,direct_model_species,yes,allowed,cocoi heron,bfa75aeb-3187-48fe-95b9-f171465cc984;aves;pelecaniformes;ardeidae;ardea;cocoi;cocoi heron
Ardea herodias,Ave,Lista Roja de las Aves del Ecuador 2019,,direct_model_species,yes,allowed,great blue heron,96fe1a07-7ef1-4a2f-99e1-ec2c9a78b532;aves;pelecaniformes;ardeidae;ardea;herodias;great blue heron
Ardea herodias cognatus,Ave,Lista Roja de las Aves del Ecuador 2019,,binomial_model_species,yes,allowed,great blue heron,96fe1a07-7ef1-4a2f-99e1-ec2c9a78b532;aves;pelecaniformes;ardeidae;ardea;herodias;great blue heron
Ardenna bulleri,Ave,Lista Roja de las Aves del Ecuador 2019,,not_found,no,,,
Ardenna carneipes,Ave,Lista Roja de las Aves del Ecuador 2019,,not_found,no,,,
Ardenna creatopus,Ave,Lista Roja de las Aves del Ecuador 2019,,direct_model_species,yes,allowed,pink-footed shearwater,92fa8623-0b11-4fa6-9f03-55a6a9f2dc13;aves;procellariiformes;procellariidae;ardenna;creatopus;pink-footed shearwater
Ardenna grisea,Ave,Lista Roja de las Aves del Ecuador 2019,,not_found,no,,,
Ardenna pacifica,Ave,Lista Roja de las Aves del Ecuador 2019,,not_found,no,,,
Arenaria interpres,Ave,Lista Roja de las Aves del Ecuador 2019,,not_found,no,,,
Arenaria melanocephala,Ave,Lista Roja de las Aves del Ecuador 2019,,not_found,no,,,
Arremon abeillei,Ave,Lista Roja de las Aves del Ecuador 2019,,not_found,no,,,
Arremon assimilis,Ave,Lista Roja de las Aves del Ecuador 2019,,not_found,no,,,
Arremon aurantiirostris,Ave,Lista Roja de las Aves del Ecuador 2019,,not_found,no,,,
Arremon brunneinucha,Ave,Lista Roja de las Aves del Ecuador 2019,,direct_model_species,yes,allowed,chestnut-capped brush-finch,1446e06e-590f-41ec-8ecc-af0529a20805;aves;passeriformes;passerellidae;arremon;brunneinucha;chestnut-capped brush-finch
Arremon castaneiceps,Ave,Lista Roja de las Aves del Ecuador 2019,,not_found,no,,,
Arremonops conirostris,Ave,Lista Roja de las Aves del Ecuador 2019,,not_found,no,,,
Arundinicola leucocephala,Ave,Lista Roja de las Aves del Ecuador 2019,,not_found,no,,,
Asio flammeus,Ave,Lista Roja de las Aves del Ecuador 2019,,direct_model_species,yes,allowed,short-eared owl,5885ce9f-7b3a-4df5-ad16-c480bae028ce;aves;strigiformes;strigidae;asio;flammeus;short-eared owl
Asio flammeus galapagoensis,Ave,Lista Roja de las Aves del Ecuador 2019,,binomial_model_species,yes,allowed,short-eared owl,5885ce9f-7b3a-4df5-ad16-c480bae028ce;aves;strigiformes;strigidae;asio;flammeus;short-eared owl
Asio stygius,Ave,Lista Roja de las Aves del Ecuador 2019,,not_found,no,,,
Assessing national conservation,Ave,Lista Roja de las Aves del Ecuador 2019,,not_found,no,,,
Asthenes flammulata,Ave,Lista Roja de las Aves del Ecuador 2019,,not_found,no,,,
Asthenes fuliginosa,Ave,Lista Roja de las Aves del Ecuador 2019,,not_found,no,,,
Asthenes griseomurina,Ave,Lista Roja de las Aves del Ecuador 2019,,not_found,no,,,
Asthenes wyatti,Ave,Lista Roja de las Aves del Ecuador 2019,,not_found,no,,,
Athene cunicularia,Ave,Lista Roja de las Aves del Ecuador 2019,,direct_model_species,yes,allowed,burrowing owl,d195f0ca-438e-4826-8fce-5e0de1ee27b6;aves;strigiformes;strigidae;athene;cunicularia;burrowing owl
Atlapetes albiceps,Ave,Lista Roja de las Aves del Ecuador 2019,,not_found,no,,,
Atlapetes albinucha,Ave,Lista Roja de las Aves del Ecuador 2019,,not_found,no,,,
Atlapetes latinuchus,Ave,Lista Roja de las Aves del Ecuador 2019,,direct_model_species,yes,allowed,rufous-naped brush finch,75ff915c-ec7c-4dd1-af61-2595abb27c4b;aves;passeriformes;passerellidae;atlapetes;latinuchus;rufous-naped brush finch
Atlapetes leucopis,Ave,Lista Roja de las Aves del Ecuador 2019,,not_found,no,,,
Atlapetes leucopterus,Ave,Lista Roja de las Aves del Ecuador 2019,,not_found,no,,,
Atlapetes pallidiceps,Ave,Lista Roja de las Aves del Ecuador 2019,,not_found,no,,,
Atlapetes pallidinucha,Ave,Lista Roja de las Aves del Ecuador 2019,,direct_model_species,yes,allowed,pale-naped brush-finch,c9128f49-e02b-4d8c-8dc8-3f5c647c4f52;aves;passeriformes;passerellidae;atlapetes;pallidinucha;pale-naped brush-finch
Atlapetes schistaceus,Ave,Lista Roja de las Aves del Ecuador 2019,,not_found,no,,,
Atlapetes seebohmi,Ave,Lista Roja de las Aves del Ecuador 2019,,not_found,no,,,
Atlapetes tricolor,Ave,Lista Roja de las Aves del Ecuador 2019,,not_found,no,,,
Attagis gayi,Ave,Lista Roja de las Aves del Ecuador 2019,,not_found,no,,,
Atticora fasciata,Ave,Lista Roja de las Aves del Ecuador 2019,,not_found,no,,,
Atticora tibialis,Ave,Lista Roja de las Aves del Ecuador 2019,,not_found,no,,,
Attila cinnamomeus,Ave,Lista Roja de las Aves del Ecuador 2019,,not_found,no,,,
Attila citriniventris,Ave,Lista Roja de las Aves del Ecuador 2019,,not_found,no,,,
Attila spadiceus,Ave,Lista Roja de las Aves del Ecuador 2019,,not_found,no,,,
Attila torridus,Ave,Lista Roja de las Aves del Ecuador 2019,,not_found,no,,,
Aulacorhynchus derbianus,Ave,Lista Roja de las Aves del Ecuador 2019,,not_found,no,,,
Aulacorhynchus haematopygus,Ave,Lista Roja de las Aves del Ecuador 2019,,not_found,no,,,
Aulacorhynchus prasinus,Ave,Lista Roja de las Aves del Ecuador 2019,,not_found,no,,,
Aunque contamos con,Ave,Lista Roja de las Aves del Ecuador 2019,,not_found,no,,,
Automolus infuscatus,Ave,Lista Roja de las Aves del Ecuador 2019,,not_found,no,,,
Automolus melanopezus,Ave,Lista Roja de las Aves del Ecuador 2019,,not_found,no,,,
Automolus ochrolaemus,Ave,Lista Roja de las Aves del Ecuador 2019,,not_found,no,,,
Automolus rufipileatus,Ave,Lista Roja de las Aves del Ecuador 2019,,not_found,no,,,
Automolus subulatus,Ave,Lista Roja de las Aves del Ecuador 2019,,not_found,no,,,
Avocettula recurvirostris,Ave,Lista Roja de las Aves del Ecuador 2019,,not_found,no,,,
Aythya affinis,Ave,Lista Roja de las Aves del Ecuador 2019,,not_found,no,,,
Aythya collaris,Ave,Lista Roja de las Aves del Ecuador 2019,,direct_model_species,yes,blocked by allow-list,ring-necked duck,479e2063-c763-4f03-b2ac-367adc8fb8c6;aves;anseriformes;anatidae;aythya;collaris;ring-necked duck
Bangsia edwardsi,Ave,Lista Roja de las Aves del Ecuador 2019,,not_found,no,,,
Bangsia rothschildi,Ave,Lista Roja de las Aves del Ecuador 2019,,not_found,no,,,
Bartramia longicauda,Ave,Lista Roja de las Aves del Ecuador 2019,,direct_model_species,yes,allowed,upland sandpiper,9d484e50-7407-4cf0-816d-68de522d43f9;aves;charadriiformes;scolopacidae;bartramia;longicauda;upland sandpiper
Baryphthengus martii,Ave,Lista Roja de las Aves del Ecuador 2019,,direct_model_species,yes,allowed,rufous motmot,bbbbaa97-e40a-42ba-867a-64152c66b6d0;aves;coraciiformes;momotidae;baryphthengus;martii;rufous motmot
Basileuterus trifasciatus,Ave,Lista Roja de las Aves del Ecuador 2019,,not_found,no,,,
Basileuterus tristriatus,Ave,Lista Roja de las Aves del Ecuador 2019,,not_found,no,,,
Berlepschia rikeri,Ave,Lista Roja de las Aves del Ecuador 2019,,not_found,no,,,
Blake participaron,Ave,Lista Roja de las Aves del Ecuador 2019,,not_found,no,,,
Boissonneaua flavescens,Ave,Lista Roja de las Aves del Ecuador 2019,,not_found,no,,,
Boissonneaua jardini,Ave,Lista Roja de las Aves del Ecuador 2019,,not_found,no,,,
Boissonneaua matthewsii,Ave,Lista Roja de las Aves del Ecuador 2019,,not_found,no,,,
Bolborhynchus lineola,Ave,Lista Roja de las Aves del Ecuador 2019,,not_found,no,,,
Bombycilla cedrorum,Ave,Lista Roja de las Aves del Ecuador 2019,,direct_model_species,yes,blocked by allow-list,cedar waxwing,a23706e6-90f9-4c23-8040-7ce80d33917c;aves;passeriformes;bombycillidae;bombycilla;cedrorum;cedar waxwing
Botaurus pinnatus,Ave,Lista Roja de las Aves del Ecuador 2019,,direct_model_species,yes,allowed,pinnated bittern,1bb5a9f4-ef57-449e-917f-8af17b7ed02b;aves;pelecaniformes;ardeidae;botaurus;pinnatus;pinnated bittern
Brachygalba lugubris,Ave,Lista Roja de las Aves del Ecuador 2019,,not_found,no,,,
British butterflies,Ave,Lista Roja de las Aves del Ecuador 2019,,not_found,no,,,
Brotogeris cyanoptera,Ave,Lista Roja de las Aves del Ecuador 2019,,not_found,no,,,
Brotogeris pyrrhoptera,Ave,Lista Roja de las Aves del Ecuador 2019,,not_found,no,,,
Brotogeris sanctithomae,Ave,Lista Roja de las Aves del Ecuador 2019,,not_found,no,,,
Brotogeris versicolurus,Ave,Lista Roja de las Aves del Ecuador 2019,,not_found,no,,,
Bubo virginianus,Ave,Lista Roja de las Aves del Ecuador 2019,,direct_model_species,yes,allowed,great horned owl,b9f145ef-bd00-4d66-93ba-6e3fb4e51e9f;aves;strigiformes;strigidae;bubo;virginianus;great horned owl
Bubulcus ibis,Ave,Lista Roja de las Aves del Ecuador 2019,,direct_model_species,yes,allowed,cattle egret,ce2e0e86-5580-4ab4-974a-4970753a140f;aves;pelecaniformes;ardeidae;bubulcus;ibis;cattle egret
Bucco capensis,Ave,Lista Roja de las Aves del Ecuador 2019,,not_found,no,,,
Bucco macrodactylus,Ave,Lista Roja de las Aves del Ecuador 2019,,not_found,no,,,
Bucco tamatia,Ave,Lista Roja de las Aves del Ecuador 2019,,not_found,no,,,
Burhinus superciliaris,Ave,Lista Roja de las Aves del Ecuador 2019,,not_found,no,,,
Busarellus nigricollis,Ave,Lista Roja de las Aves del Ecuador 2019,,direct_model_species,yes,allowed,black-collared hawk,4c936a8d-f4cc-4b6e-a24a-f1546bf31880;aves;accipitriformes;accipitridae;busarellus;nigricollis;black-collared hawk
Buteo albigula,Ave,Lista Roja de las Aves del Ecuador 2019,,not_found,no,,,
Buteo albonotatus,Ave,Lista Roja de las Aves del Ecuador 2019,,not_found,no,,,
Buteo brachyurus,Ave,Lista Roja de las Aves del Ecuador 2019,,not_found,no,,,
Buteo galapagoensis,Ave,Lista Roja de las Aves del Ecuador 2019,,not_found,no,,,
Buteo nitidus,Ave,Lista Roja de las Aves del Ecuador 2019,,direct_model_species,yes,allowed,gray-lined hawk,7eeb3a5c-1a31-4e58-9297-bd50b3bf6c1e;aves;accipitriformes;accipitridae;buteo;nitidus;gray-lined hawk
Buteo platypterus,Ave,Lista Roja de las Aves del Ecuador 2019,,direct_model_species,yes,allowed,broad-winged hawk,38e24c13-9a60-4c22-b550-b85730bc8f35;aves;accipitriformes;accipitridae;buteo;platypterus;broad-winged hawk
Buteo swainsoni,Ave,Lista Roja de las Aves del Ecuador 2019,,direct_model_species,yes,blocked by allow-list,swainson's hawk,49ef7124-f14d-46c9-82d7-cd77ee9e17c0;aves;accipitriformes;accipitridae;buteo;swainsoni;swainson's hawk
Buteogallus anthracinus,Ave,Lista Roja de las Aves del Ecuador 2019,,direct_model_species,yes,allowed,common black-hawk,aa191c53-bf22-47d7-bad0-6bb76f43f934;aves;accipitriformes;accipitridae;buteogallus;anthracinus;common black-hawk
Buteogallus meridionalis,Ave,Lista Roja de las Aves del Ecuador 2019,,direct_model_species,yes,allowed,savanna hawk,32c77ff5-f531-4cd2-b396-c8daefc7acd4;aves;accipitriformes;accipitridae;buteogallus;meridionalis;savanna hawk
Buteogallus schistaceus,Ave,Lista Roja de las Aves del Ecuador 2019,,direct_model_species,yes,allowed,slate-colored hawk,a534c910-9549-4d5f-9672-e5f03cd7ea83;aves;accipitriformes;accipitridae;buteogallus;schistaceus;slate-colored hawk
Buteogallus solitarius,Ave,Lista Roja de las Aves del Ecuador 2019,,direct_model_species,yes,allowed,black solitary eagle,2ecf2274-0f23-49b0-9099-e234f45818c2;aves;accipitriformes;accipitridae;buteogallus;solitarius;black solitary eagle
Buteogallus urubitinga,Ave,Lista Roja de las Aves del Ecuador 2019,,direct_model_species,yes,allowed,great black hawk,ed449f52-bc93-4502-a035-ed3c19927cf0;aves;accipitriformes;accipitridae;buteogallus;urubitinga;great black hawk
Buthraupis montana,Ave,Lista Roja de las Aves del Ecuador 2019,,not_found,no,,,
Buthraupis wetmorei,Ave,Lista Roja de las Aves del Ecuador 2019,,not_found,no,,,
Butorides striata,Ave,Lista Roja de las Aves del Ecuador 2019,,direct_model_species,yes,allowed,héron à dos vert,652398dc-e64a-4ed5-a53c-7e7f72f248ed;aves;pelecaniformes;ardeidae;butorides;striata;héron à dos vert
Butorides striata sundevalli,Ave,Lista Roja de las Aves del Ecuador 2019,,binomial_model_species,yes,allowed,héron à dos vert,652398dc-e64a-4ed5-a53c-7e7f72f248ed;aves;pelecaniformes;ardeidae;butorides;striata;héron à dos vert
Butorides virescens,Ave,Lista Roja de las Aves del Ecuador 2019,,direct_model_species,yes,blocked by allow-list,green heron,8ed8aff1-cd22-47c4-8f9a-80ed276d88e9;aves;pelecaniformes;ardeidae;butorides;virescens;green heron
Cacicus cela,Ave,Lista Roja de las Aves del Ecuador 2019,,direct_model_species,yes,allowed,yellow-rumped cacique,572b9efb-5e2b-4703-93ce-57b29793bd7b;aves;passeriformes;icteridae;cacicus;cela;yellow-rumped cacique
Cacicus chrysonotus,Ave,Lista Roja de las Aves del Ecuador 2019,,not_found,no,,,
Cacicus haemorrhous,Ave,Lista Roja de las Aves del Ecuador 2019,,not_found,no,,,
Cacicus latirostris,Ave,Lista Roja de las Aves del Ecuador 2019,,not_found,no,,,
Cacicus oseryi,Ave,Lista Roja de las Aves del Ecuador 2019,,not_found,no,,,
Cacicus sclateri,Ave,Lista Roja de las Aves del Ecuador 2019,,not_found,no,,,
Cacicus solitarius,Ave,Lista Roja de las Aves del Ecuador 2019,,direct_model_species,yes,allowed,solitary cacique,c89fd8c6-44ef-460c-a8e5-5fde55fc482f;aves;passeriformes;icteridae;cacicus;solitarius;solitary cacique
Cacicus uropygialis,Ave,Lista Roja de las Aves del Ecuador 2019,,not_found,no,,,
Cairina moschata,Ave,Lista Roja de las Aves del Ecuador 2019,,direct_model_species,yes,allowed,muscovy duck,2a54b5b4-1d76-4e1d-97ad-d5cf459d53b3;aves;anseriformes;anatidae;cairina;moschata;muscovy duck
Calidris acuminata,Ave,Lista Roja de las Aves del Ecuador 2019,,not_found,no,,,
Calidris alba,Ave,Lista Roja de las Aves del Ecuador 2019,,not_found,no,,,
Calidris alpina,Ave,Lista Roja de las Aves del Ecuador 2019,,not_found,no,,,
Calidris bairdii,Ave,Lista Roja de las Aves del Ecuador 2019,,not_found,no,,,
Calidris canutus,Ave,Lista Roja de las Aves del Ecuador 2019,,not_found,no,,,
Calidris ferruginea,Ave,Lista Roja de las Aves del Ecuador 2019,,not_found,no,,,
Calidris fuscicollis,Ave,Lista Roja de las Aves del Ecuador 2019,,not_found,no,,,
Calidris himantopus,Ave,Lista Roja de las Aves del Ecuador 2019,,not_found,no,,,
Calidris mauri,Ave,Lista Roja de las Aves del Ecuador 2019,,not_found,no,,,
Calidris melanotos,Ave,Lista Roja de las Aves del Ecuador 2019,,not_found,no,,,
Calidris minutilla,Ave,Lista Roja de las Aves del Ecuador 2019,,not_found,no,,,
Calidris pusilla,Ave,Lista Roja de las Aves del Ecuador 2019,,not_found,no,,,
Calidris subruficollis,Ave,Lista Roja de las Aves del Ecuador 2019,,not_found,no,,,
Calliphlox amethystina,Ave,Lista Roja de las Aves del Ecuador 2019,,not_found,no,,,
Calliphlox mitchellii,Ave,Lista Roja de las Aves del Ecuador 2019,,not_found,no,,,
Calochaetes coccineus,Ave,Lista Roja de las Aves del Ecuador 2019,,not_found,no,,,
Camarhynchus heliobates,Ave,Lista Roja de las Aves del Ecuador 2019,,not_found,no,,,
Camarhynchus pallidus,Ave,Lista Roja de las Aves del Ecuador 2019,,not_found,no,,,
Camarhynchus parvulus,Ave,Lista Roja de las Aves del Ecuador 2019,,not_found,no,,,
Camarhynchus pauper,Ave,Lista Roja de las Aves del Ecuador 2019,,not_found,no,,,
Camarhynchus psittacula,Ave,Lista Roja de las Aves del Ecuador 2019,,not_found,no,,,
Campephilus gayaquilensis,Ave,Lista Roja de las Aves del Ecuador 2019,,not_found,no,,,
Campephilus haematogaster,Ave,Lista Roja de las Aves del Ecuador 2019,,direct_model_species,yes,allowed,crimson-bellied woodpecker,d9698c2a-82c1-4e38-8683-4c00aaff8ce7;aves;piciformes;picidae;campephilus;haematogaster;crimson-bellied woodpecker
Campephilus melanoleucos,Ave,Lista Roja de las Aves del Ecuador 2019,,not_found,no,,,
Campephilus pollens,Ave,Lista Roja de las Aves del Ecuador 2019,,direct_model_species,yes,allowed,powerful woodpecker,7ae1b69f-3ccc-4958-829f-3d44cda634d6;aves;piciformes;picidae;campephilus;pollens;powerful woodpecker
Campephilus rubricollis,Ave,Lista Roja de las Aves del Ecuador 2019,,direct_model_species,yes,allowed,red-necked woodpecker,d86debb7-d140-442b-a5f8-4bcafe651221;aves;piciformes;picidae;campephilus;rubricollis;red-necked woodpecker
Camptostoma obsoletum,Ave,Lista Roja de las Aves del Ecuador 2019,,not_found,no,,,
Campylopterus falcatus,Ave,Lista Roja de las Aves del Ecuador 2019,,not_found,no,,,
Campylopterus largipennis,Ave,Lista Roja de las Aves del Ecuador 2019,,not_found,no,,,
Campylopterus villaviscensio,Ave,Lista Roja de las Aves del Ecuador 2019,,not_found,no,,,
Campylorhamphus procurvoides,Ave,Lista Roja de las Aves del Ecuador 2019,,not_found,no,,,
Campylorhamphus pusillus,Ave,Lista Roja de las Aves del Ecuador 2019,,not_found,no,,,
Campylorhamphus trochilirostris,Ave,Lista Roja de las Aves del Ecuador 2019,,direct_model_species,yes,allowed,red-billed scythebill,05414e5e-7d3c-462b-854b-955eb50a601b;aves;passeriformes;furnariidae;campylorhamphus;trochilirostris;red-billed scythebill
Campylorhynchus fasciatus,Ave,Lista Roja de las Aves del Ecuador 2019,,not_found,no,,,
Campylorhynchus turdinus,Ave,Lista Roja de las Aves del Ecuador 2019,,not_found,no,,,
Campylorhynchus zonatus,Ave,Lista Roja de las Aves del Ecuador 2019,,not_found,no,,,
Cantorchilus leucopogon,Ave,Lista Roja de las Aves del Ecuador 2019,,not_found,no,,,
Cantorchilus leucotis,Ave,Lista Roja de las Aves del Ecuador 2019,,direct_model_species,yes,allowed,buff-breasted wren,bd0e2290-0028-437d-aa65-383d3db559b7;aves;passeriformes;troglodytidae;cantorchilus;leucotis;buff-breasted wren
Cantorchilus nigricapillus,Ave,Lista Roja de las Aves del Ecuador 2019,,not_found,no,,,
Cantorchilus superciliaris,Ave,Lista Roja de las Aves del Ecuador 2019,,not_found,no,,,
Capito auratus,Ave,Lista Roja de las Aves del Ecuador 2019,,not_found,no,,,
Capito aurovirens,Ave,Lista Roja de las Aves del Ecuador 2019,,not_found,no,,,
Capito quinticolor,Ave,Lista Roja de las Aves del Ecuador 2019,,not_found,no,,,
Capito squamatus,Ave,Lista Roja de las Aves del Ecuador 2019,,not_found,no,,,
Capsiempis flaveola,Ave,Lista Roja de las Aves del Ecuador 2019,,not_found,no,,,
Caracara cheriway,Ave,Lista Roja de las Aves del Ecuador 2019,,direct_model_species,yes,blocked by allow-list,crested caracara,43d4ed66-72e7-4114-94f3-e7765c79fb49;aves;falconiformes;falconidae;caracara;cheriway;crested caracara
Cardellina canadensis,Ave,Lista Roja de las Aves del Ecuador 2019,,not_found,no,,,
Cardellina pusilla,Ave,Lista Roja de las Aves del Ecuador 2019,,direct_model_species,yes,allowed,wilson's warbler,a44df5b9-17dd-498a-9ab2-60ff13da5515;aves;passeriformes;parulidae;cardellina;pusilla;wilson's warbler
Carpodectes hopkei,Ave,Lista Roja de las Aves del Ecuador 2019,,not_found,no,,,
Catamblyrhynchus diadema,Ave,Lista Roja de las Aves del Ecuador 2019,,not_found,no,,,
Catamenia analis,Ave,Lista Roja de las Aves del Ecuador 2019,,not_found,no,,,
Catamenia homochroa,Ave,Lista Roja de las Aves del Ecuador 2019,,not_found,no,,,
Catamenia inornata,Ave,Lista Roja de las Aves del Ecuador 2019,,not_found,no,,,
Cathartes aura,Ave,Lista Roja de las Aves del Ecuador 2019,,direct_model_species,yes,allowed,turkey vulture,2573d6c8-6924-4fca-8a1f-cdb00b1cc859;aves;cathartiformes;cathartidae;cathartes;aura;turkey vulture
Cathartes burrovianus,Ave,Lista Roja de las Aves del Ecuador 2019,,direct_model_species,yes,blocked by allow-list,lesser yellow-headed vulture,e91c8b8d-3b69-4b59-b2a2-705c75781e73;aves;cathartiformes;cathartidae;cathartes;burrovianus;lesser yellow-headed vulture
Cathartes melambrotus,Ave,Lista Roja de las Aves del Ecuador 2019,,direct_model_species,yes,allowed,greater yellow-headed vulture,0342159a-01b0-4faa-aff1-cf6f10954f27;aves;cathartiformes;cathartidae;cathartes;melambrotus;greater yellow-headed vulture
Catharus dryas,Ave,Lista Roja de las Aves del Ecuador 2019,,direct_model_species,yes,allowed,spotted nightingale-thrush,1c0ad16e-f865-4f3f-a32f-a9a24b9ea387;aves;passeriformes;turdidae;catharus;dryas;spotted nightingale-thrush
Catharus fuscater,Ave,Lista Roja de las Aves del Ecuador 2019,,not_found,no,,,
Catharus minimus,Ave,Lista Roja de las Aves del Ecuador 2019,,direct_model_species,yes,allowed,gray-cheeked thrush,d437edb5-ebbd-4ac1-997e-4f5adc461179;aves;passeriformes;turdidae;catharus;minimus;gray-cheeked thrush
Catharus ustulatus,Ave,Lista Roja de las Aves del Ecuador 2019,,direct_model_species,yes,allowed,russet-backed thrush,6acc4360-3b6c-4b7e-9d77-3c266e17255b;aves;passeriformes;turdidae;catharus;ustulatus;russet-backed thrush
Celeus elegans,Ave,Lista Roja de las Aves del Ecuador 2019,,direct_model_species,yes,allowed,chestnut woodpecker,25cd5024-9e23-433a-9f3e-fe00d3d88be4;aves;piciformes;picidae;celeus;elegans;chestnut woodpecker
Celeus flavus,Ave,Lista Roja de las Aves del Ecuador 2019,,not_found,no,,,
Celeus grammicus,Ave,Lista Roja de las Aves del Ecuador 2019,,not_found,no,,,
Celeus loricatus,Ave,Lista Roja de las Aves del Ecuador 2019,,not_found,no,,,
Celeus spectabilis,Ave,Lista Roja de las Aves del Ecuador 2019,,not_found,no,,,
Celeus torquatus,Ave,Lista Roja de las Aves del Ecuador 2019,,not_found,no,,,
Cephalopterus ornatus,Ave,Lista Roja de las Aves del Ecuador 2019,,not_found,no,,,
Cephalopterus penduliger,Ave,Lista Roja de las Aves del Ecuador 2019,,not_found,no,,,
Ceratopipra erythrocephala,Ave,Lista Roja de las Aves del Ecuador 2019,,not_found,no,,,
Ceratopipra mentalis,Ave,Lista Roja de las Aves del Ecuador 2019,,not_found,no,,,
Cercomacra cinerascens,Ave,Lista Roja de las Aves del Ecuador 2019,,not_found,no,,,
Cercomacra nigricans,Ave,Lista Roja de las Aves del Ecuador 2019,,not_found,no,,,
Cercomacroides fuscicauda,Ave,Lista Roja de las Aves del Ecuador 2019,,not_found,no,,,
Cercomacroides nigrescens,Ave,Lista Roja de las Aves del Ecuador 2019,,not_found,no,,,
Cercomacroides serva,Ave,Lista Roja de las Aves del Ecuador 2019,,not_found,no,,,
Cercomacroides tyrannina,Ave,Lista Roja de las Aves del Ecuador 2019,,direct_model_species,yes,allowed,dusky antbird,5d2c548a-47bb-42c4-82ed-dd7f829bce60;aves;passeriformes;thamnophilidae;cercomacroides;tyrannina;dusky antbird
Certhiasomus stictolaemus,Ave,Lista Roja de las Aves del Ecuador 2019,,not_found,no,,,
Certhidea fusca,Ave,Lista Roja de las Aves del Ecuador 2019,,not_found,no,,,
Certhidea olivacea,Ave,Lista Roja de las Aves del Ecuador 2019,,not_found,no,,,
Chaetocercus berlepschi,Ave,Lista Roja de las Aves del Ecuador 2019,,not_found,no,,,
Chaetocercus bombus,Ave,Lista Roja de las Aves del Ecuador 2019,,not_found,no,,,
Chaetocercus heliodor,Ave,Lista Roja de las Aves del Ecuador 2019,,not_found,no,,,
Chaetocercus mulsant,Ave,Lista Roja de las Aves del Ecuador 2019,,not_found,no,,,
Chaetura brachyura,Ave,Lista Roja de las Aves del Ecuador 2019,,not_found,no,,,
Chaetura chapmani,Ave,Lista Roja de las Aves del Ecuador 2019,,not_found,no,,,
Chaetura cinereiventris,Ave,Lista Roja de las Aves del Ecuador 2019,,not_found,no,,,
Chaetura egregia,Ave,Lista Roja de las Aves del Ecuador 2019,,not_found,no,,,
Chaetura pelagica,Ave,Lista Roja de las Aves del Ecuador 2019,,not_found,no,,,
Chaetura spinicaudus,Ave,Lista Roja de las Aves del Ecuador 2019,,not_found,no,,,
Chalcostigma herrani,Ave,Lista Roja de las Aves del Ecuador 2019,,not_found,no,,,
Chalcostigma ruficeps,Ave,Lista Roja de las Aves del Ecuador 2019,,not_found,no,,,
Chalcostigma stanleyi,Ave,Lista Roja de las Aves del Ecuador 2019,,not_found,no,,,
Chalybura buffonii,Ave,Lista Roja de las Aves del Ecuador 2019,,not_found,no,,,
Chalybura urochrysia,Ave,Lista Roja de las Aves del Ecuador 2019,,not_found,no,,,
Chamaepetes goudotii,Ave,Lista Roja de las Aves del Ecuador 2019,,direct_model_species,yes,allowed,sickle-winged guan,a572793a-efe1-4ae5-8005-a33f8850ba30;aves;galliformes;cracidae;chamaepetes;goudotii;sickle-winged guan
Chamaeza campanisona,Ave,Lista Roja de las Aves del Ecuador 2019,,direct_model_species,yes,allowed,short-tailed antthrush,ff835113-781b-43f5-b54a-2fe9f6eb7d91;aves;passeriformes;formicariidae;chamaeza;campanisona;short-tailed antthrush
Chamaeza mollissima,Ave,Lista Roja de las Aves del Ecuador 2019,,not_found,no,,,
Chamaeza nobilis,Ave,Lista Roja de las Aves del Ecuador 2019,,direct_model_species,yes,allowed,striated antthrush,c21f1485-8846-4468-a6b6-d9afe322649e;aves;passeriformes;formicariidae;chamaeza;nobilis;striated antthrush
Chapman subespecie erythropygius,Ave,Lista Roja de las Aves del Ecuador 2019,,not_found,no,,,
Charadrius collaris,Ave,Lista Roja de las Aves del Ecuador 2019,,not_found,no,,,
Charadrius melodus,Ave,Lista Roja de las Aves del Ecuador 2019,,not_found,no,,,
Charadrius nivosus,Ave,Lista Roja de las Aves del Ecuador 2019,,not_found,no,,,
Charadrius semipalmatus,Ave,Lista Roja de las Aves del Ecuador 2019,,not_found,no,,,
Charadrius vociferus,Ave,Lista Roja de las Aves del Ecuador 2019,,direct_model_species,yes,allowed,killdeer,542f379a-03f4-43df-aa29-f376fdcd97e0;aves;charadriiformes;charadriidae;charadrius;vociferus;killdeer
Charadrius wilsonia,Ave,Lista Roja de las Aves del Ecuador 2019,,not_found,no,,,
Chelidoptera tenebrosa,Ave,Lista Roja de las Aves del Ecuador 2019,,not_found,no,,,
Chiroxiphia pareola,Ave,Lista Roja de las Aves del Ecuador 2019,,not_found,no,,,
Chlidonias niger,Ave,Lista Roja de las Aves del Ecuador 2019,,not_found,no,,,
Chlorestes notata,Ave,Lista Roja de las Aves del Ecuador 2019,,not_found,no,,,
Chloroceryle aenea,Ave,Lista Roja de las Aves del Ecuador 2019,,not_found,no,,,
Chloroceryle amazona,Ave,Lista Roja de las Aves del Ecuador 2019,,not_found,no,,,
Chloroceryle americana,Ave,Lista Roja de las Aves del Ecuador 2019,,not_found,no,,,
Chloroceryle inda,Ave,Lista Roja de las Aves del Ecuador 2019,,not_found,no,,,
Chlorochrysa calliparaea,Ave,Lista Roja de las Aves del Ecuador 2019,,not_found,no,,,
Chlorochrysa phoenicotis,Ave,Lista Roja de las Aves del Ecuador 2019,,not_found,no,,,
Chlorophanes spiza,Ave,Lista Roja de las Aves del Ecuador 2019,,not_found,no,,,
Chlorophonia cyanea,Ave,Lista Roja de las Aves del Ecuador 2019,,not_found,no,,,
Chlorophonia flavirostris,Ave,Lista Roja de las Aves del Ecuador 2019,,not_found,no,,,
Chlorophonia pyrrhophrys,Ave,Lista Roja de las Aves del Ecuador 2019,,not_found,no,,,
Chloropipo flavicapilla,Ave,Lista Roja de las Aves del Ecuador 2019,,not_found,no,,,
Chloropipo unicolor,Ave,Lista Roja de las Aves del Ecuador 2019,,not_found,no,,,
Chlorornis riefferii,Ave,Lista Roja de las Aves del Ecuador 2019,,not_found,no,,,
Chlorospingus canigularis,Ave,Lista Roja de las Aves del Ecuador 2019,,not_found,no,,,
Chlorospingus flavigularis,Ave,Lista Roja de las Aves del Ecuador 2019,,not_found,no,,,
Chlorospingus flavopectus,Ave,Lista Roja de las Aves del Ecuador 2019,,not_found,no,,,
Chlorospingus flavovirens,Ave,Lista Roja de las Aves del Ecuador 2019,,not_found,no,,,
Chlorospingus parvirostris,Ave,Lista Roja de las Aves del Ecuador 2019,,not_found,no,,,
Chlorospingus semifuscus,Ave,Lista Roja de las Aves del Ecuador 2019,,not_found,no,,,
Chlorostilbon melanorhynchus,Ave,Lista Roja de las Aves del Ecuador 2019,,not_found,no,,,
Chlorostilbon mellisugus,Ave,Lista Roja de las Aves del Ecuador 2019,,not_found,no,,,
Chlorothraupis carmioli,Ave,Lista Roja de las Aves del Ecuador 2019,,not_found,no,,,
Chlorothraupis olivacea,Ave,Lista Roja de las Aves del Ecuador 2019,,not_found,no,,,
Chlorothraupis stolzmanni,Ave,Lista Roja de las Aves del Ecuador 2019,,not_found,no,,,
Chondrohierax uncinatus,Ave,Lista Roja de las Aves del Ecuador 2019,,direct_model_species,yes,allowed,hook-billed kite,72540227-fa36-47e3-a98e-d682c3603b13;aves;accipitriformes;accipitridae;chondrohierax;uncinatus;hook-billed kite
Chordeiles acutipennis,Ave,Lista Roja de las Aves del Ecuador 2019,,direct_model_species,yes,allowed,lesser nighthawk,008c46ff-1457-4206-9640-6bc61cf15ea4;aves;caprimulgiformes;caprimulgidae;chordeiles;acutipennis;lesser nighthawk
Chordeiles minor,Ave,Lista Roja de las Aves del Ecuador 2019,,direct_model_species,yes,allowed,common nighthawk,e7bd8ccc-65d7-4c7a-b74c-e0dcf4216529;aves;caprimulgiformes;caprimulgidae;chordeiles;minor;common nighthawk
Chordeiles nacunda,Ave,Lista Roja de las Aves del Ecuador 2019,,not_found,no,,,
Chordeiles rupestris,Ave,Lista Roja de las Aves del Ecuador 2019,,not_found,no,,,
Chroicocephalus cirrocephalus,Ave,Lista Roja de las Aves del Ecuador 2019,,not_found,no,,,
Chroicocephalus philadelphia,Ave,Lista Roja de las Aves del Ecuador 2019,,not_found,no,,,
Chroicocephalus serranus,Ave,Lista Roja de las Aves del Ecuador 2019,,not_found,no,,,
Chrysothlypis salmoni,Ave,Lista Roja de las Aves del Ecuador 2019,,not_found,no,,,
Chrysuronia oenone,Ave,Lista Roja de las Aves del Ecuador 2019,,not_found,no,,,
Ciccaba albitarsis,Ave,Lista Roja de las Aves del Ecuador 2019,,not_found,no,,,
Ciccaba huhula,Ave,Lista Roja de las Aves del Ecuador 2019,,not_found,no,,,
Ciccaba nigrolineata,Ave,Lista Roja de las Aves del Ecuador 2019,,not_found,no,,,
Ciccaba virgata,Ave,Lista Roja de las Aves del Ecuador 2019,,direct_model_species,yes,allowed,mottled owl,531c61a7-b1a2-46d1-b882-4f517780b8ee;aves;strigiformes;strigidae;ciccaba;virgata;mottled owl
Cichlopsis leucogenys,Ave,Lista Roja de las Aves del Ecuador 2019,,not_found,no,,,
Cinclodes albidiventris,Ave,Lista Roja de las Aves del Ecuador 2019,,not_found,no,,,
Cinclodes excelsior,Ave,Lista Roja de las Aves del Ecuador 2019,,not_found,no,,,
Cinclus leucocephalus,Ave,Lista Roja de las Aves del Ecuador 2019,,not_found,no,,,
Cinnycerthia olivascens,Ave,Lista Roja de las Aves del Ecuador 2019,,not_found,no,,,
Cinnycerthia unirufa,Ave,Lista Roja de las Aves del Ecuador 2019,,not_found,no,,,
Circus cinereus,Ave,Lista Roja de las Aves del Ecuador 2019,,not_found,no,,,
Cissopis leverianus,Ave,Lista Roja de las Aves del Ecuador 2019,,not_found,no,,,
Cistothorus platensis,Ave,Lista Roja de las Aves del Ecuador 2019,,not_found,no,,,
Claravis mondetoura,Ave,Lista Roja de las Aves del Ecuador 2019,,not_found,no,,,
Claravis pretiosa,Ave,Lista Roja de las Aves del Ecuador 2019,,direct_model_species,yes,allowed,blue ground-dove,c92cbb16-ea5d-42d7-85e6-ee9104c77736;aves;columbiformes;columbidae;claravis;pretiosa;blue ground-dove
Clibanornis erythrocephalus,Ave,Lista Roja de las Aves del Ecuador 2019,,not_found,no,,,
Clibanornis rubiginosus,Ave,Lista Roja de las Aves del Ecuador 2019,,not_found,no,,,
Cnemarchus erythropygius,Ave,Lista Roja de las Aves del Ecuador 2019,,not_found,no,,,
Cnemathraupis eximia,Ave,Lista Roja de las Aves del Ecuador 2019,,not_found,no,,,
Cnemoscopus rubrirostris,Ave,Lista Roja de las Aves del Ecuador 2019,,not_found,no,,,
Cnemotriccus fuscatus,Ave,Lista Roja de las Aves del Ecuador 2019,,direct_model_species,yes,allowed,fuscous flycatcher,6f28ae88-2577-4a81-bd6e-a0faab77a846;aves;passeriformes;tyrannidae;cnemotriccus;fuscatus;fuscous flycatcher
Cnipodectes subbrunneus,Ave,Lista Roja de las Aves del Ecuador 2019,,not_found,no,,,
Coccycua minuta,Ave,Lista Roja de las Aves del Ecuador 2019,,not_found,no,,,
Coccycua pumila,Ave,Lista Roja de las Aves del Ecuador 2019,,not_found,no,,,
Coccyzus americanus,Ave,Lista Roja de las Aves del Ecuador 2019,,not_found,no,,,
Coccyzus erythropthalmus,Ave,Lista Roja de las Aves del Ecuador 2019,,not_found,no,,,
Coccyzus euleri,Ave,Lista Roja de las Aves del Ecuador 2019,,not_found,no,,,
Coccyzus lansbergi,Ave,Lista Roja de las Aves del Ecuador 2019,,not_found,no,,,
Coccyzus melacoryphus,Ave,Lista Roja de las Aves del Ecuador 2019,,not_found,no,,,
Cochlearius cochlearius,Ave,Lista Roja de las Aves del Ecuador 2019,,direct_model_species,yes,allowed,boat-billed heron,4ae3b7b9-5082-4320-b216-a0aa6e60c97e;aves;pelecaniformes;ardeidae;cochlearius;cochlearius;boat-billed heron
Coeligena coeligena,Ave,Lista Roja de las Aves del Ecuador 2019,,not_found,no,,,
Coeligena iris,Ave,Lista Roja de las Aves del Ecuador 2019,,not_found,no,,,
Coeligena lutetiae,Ave,Lista Roja de las Aves del Ecuador 2019,,not_found,no,,,
Coeligena torquata,Ave,Lista Roja de las Aves del Ecuador 2019,,not_found,no,,,
Coeligena wilsoni,Ave,Lista Roja de las Aves del Ecuador 2019,,not_found,no,,,
Coereba flaveola,Ave,Lista Roja de las Aves del Ecuador 2019,,direct_model_species,yes,allowed,bananaquit,266ebb62-70b1-4d28-860f-e05f6dff276f;aves;passeriformes;thraupidae;coereba;flaveola;bananaquit
Colaptes punctigula,Ave,Lista Roja de las Aves del Ecuador 2019,,direct_model_species,yes,allowed,spot-breasted woodpecker,91a5507d-70a4-404a-8d28-841998762547;aves;piciformes;picidae;colaptes;punctigula;spot-breasted woodpecker
Colaptes rivolii,Ave,Lista Roja de las Aves del Ecuador 2019,,not_found,no,,,
Colaptes rubiginosus,Ave,Lista Roja de las Aves del Ecuador 2019,,not_found,no,,,
Colaptes rupicola,Ave,Lista Roja de las Aves del Ecuador 2019,,not_found,no,,,
Colibri coruscans,Ave,Lista Roja de las Aves del Ecuador 2019,,not_found,no,,,
Colibri delphinae,Ave,Lista Roja de las Aves del Ecuador 2019,,not_found,no,,,
Colibri thalassinus,Ave,Lista Roja de las Aves del Ecuador 2019,,not_found,no,,,
Colonia colonus,Ave,Lista Roja de las Aves del Ecuador 2019,,not_found,no,,,
Columba livia,Ave,Lista Roja de las Aves del Ecuador 2019,,direct_model_species,yes,allowed,rock dove,4b7d3cff-8c0a-49b3-a8c0-a2e28f156818;aves;columbiformes;columbidae;columba;livia;rock dove
Columbina buckleyi,Ave,Lista Roja de las Aves del Ecuador 2019,,not_found,no,,,
Columbina cruziana,Ave,Lista Roja de las Aves del Ecuador 2019,,not_found,no,,,
Columbina minuta,Ave,Lista Roja de las Aves del Ecuador 2019,,direct_model_species,yes,allowed,plain-breasted ground-dove,c61962ee-d112-42d6-9eaf-640fe97bff57;aves;columbiformes;columbidae;columbina;minuta;plain-breasted ground-dove
Columbina passerina,Ave,Lista Roja de las Aves del Ecuador 2019,,direct_model_species,yes,allowed,common ground-dove,d0a759dc-58ec-4c06-abb9-e60a26931962;aves;columbiformes;columbidae;columbina;passerina;common ground-dove
Columbina talpacoti,Ave,Lista Roja de las Aves del Ecuador 2019,,direct_model_species,yes,allowed,ruddy ground-dove,0cf1383a-38fc-421a-a769-3e47494d5edc;aves;columbiformes;columbidae;columbina;talpacoti;ruddy ground-dove
Como resultado,Ave,Lista Roja de las Aves del Ecuador 2019,,not_found,no,,,
Con base,Ave,Lista Roja de las Aves del Ecuador 2019,,not_found,no,,,
Conirostrum albifrons,Ave,Lista Roja de las Aves del Ecuador 2019,,not_found,no,,,
Conirostrum bicolor,Ave,Lista Roja de las Aves del Ecuador 2019,,not_found,no,,,
Conirostrum cinereum,Ave,Lista Roja de las Aves del Ecuador 2019,,not_found,no,,,
Conirostrum margaritae,Ave,Lista Roja de las Aves del Ecuador 2019,,not_found,no,,,
Conirostrum sitticolor,Ave,Lista Roja de las Aves del Ecuador 2019,,not_found,no,,,
Conirostrum speciosum,Ave,Lista Roja de las Aves del Ecuador 2019,,not_found,no,,,
Conopias albovittatus,Ave,Lista Roja de las Aves del Ecuador 2019,,not_found,no,,,
Conopias cinchoneti,Ave,Lista Roja de las Aves del Ecuador 2019,,not_found,no,,,
Conopias parvus,Ave,Lista Roja de las Aves del Ecuador 2019,,not_found,no,,,
Conopias trivirgatus,Ave,Lista Roja de las Aves del Ecuador 2019,,not_found,no,,,
Conopophaga aurita,Ave,Lista Roja de las Aves del Ecuador 2019,,not_found,no,,,
Conopophaga castaneiceps,Ave,Lista Roja de las Aves del Ecuador 2019,,not_found,no,,,
Conopophaga peruviana,Ave,Lista Roja de las Aves del Ecuador 2019,,not_found,no,,,
Conothraupis speculigera,Ave,Lista Roja de las Aves del Ecuador 2019,,not_found,no,,,
Contopus cinereus,Ave,Lista Roja de las Aves del Ecuador 2019,,not_found,no,,,
Contopus cooperi,Ave,Lista Roja de las Aves del Ecuador 2019,,not_found,no,,,
Contopus fumigatus,Ave,Lista Roja de las Aves del Ecuador 2019,,not_found,no,,,
Contopus nigrescens,Ave,Lista Roja de las Aves del Ecuador 2019,,not_found,no,,,
Contopus sordidulus,Ave,Lista Roja de las Aves del Ecuador 2019,,direct_model_species,yes,allowed,western wood-pewee,12b2a5ea-b9b9-48a6-8c45-ab32f9ff0468;aves;passeriformes;tyrannidae;contopus;sordidulus;western wood-pewee
Contopus virens,Ave,Lista Roja de las Aves del Ecuador 2019,,direct_model_species,yes,allowed,eastern wood-pewee,cfe40258-10dc-4af1-93cf-5010e71d8760;aves;passeriformes;tyrannidae;contopus;virens;eastern wood-pewee
Coragyps atratus,Ave,Lista Roja de las Aves del Ecuador 2019,,direct_model_species,yes,allowed,american black vulture,e19df117-0863-4151-a078-276dba51bdef;aves;cathartiformes;cathartidae;coragyps;atratus;american black vulture
Coryphospingus cucullatus,Ave,Lista Roja de las Aves del Ecuador 2019,,not_found,no,,,
Corythopis torquatus,Ave,Lista Roja de las Aves del Ecuador 2019,,direct_model_species,yes,allowed,ringed antpipit,0df125dc-8301-4a3c-8947-0727f22f30a9;aves;passeriformes;tyrannidae;corythopis;torquatus;ringed antpipit
Cotinga cayana,Ave,Lista Roja de las Aves del Ecuador 2019,,not_found,no,,,
Cotinga maynana,Ave,Lista Roja de las Aves del Ecuador 2019,,not_found,no,,,
Cotinga nattererii,Ave,Lista Roja de las Aves del Ecuador 2019,,not_found,no,,,
Cranioleuca antisiensis,Ave,Lista Roja de las Aves del Ecuador 2019,,not_found,no,,,
Cranioleuca curtata,Ave,Lista Roja de las Aves del Ecuador 2019,,not_found,no,,,
Cranioleuca erythrops,Ave,Lista Roja de las Aves del Ecuador 2019,,not_found,no,,,
Cranioleuca gutturata,Ave,Lista Roja de las Aves del Ecuador 2019,,not_found,no,,,
Cranioleuca vulpecula,Ave,Lista Roja de las Aves del Ecuador 2019,,not_found,no,,,
Crax globulosa,Ave,Lista Roja de las Aves del Ecuador 2019,,not_found,no,,,
Crax rubra,Ave,Lista Roja de las Aves del Ecuador 2019,,direct_model_species,yes,allowed,great curassow,df1ec79b-6867-4737-9f73-17153f6c4e49;aves;galliformes;cracidae;crax;rubra;great curassow
Creagrus furcatus,Ave,Lista Roja de las Aves del Ecuador 2019,,not_found,no,,,
Creurgops verticalis,Ave,Lista Roja de las Aves del Ecuador 2019,,not_found,no,,,
Critical problems for,Ave,Lista Roja de las Aves del Ecuador 2019,,not_found,no,,,
Crotophaga ani,Ave,Lista Roja de las Aves del Ecuador 2019,,direct_model_species,yes,allowed,smooth-billed ani,b92970dd-2355-4ecc-afe9-429d9c5c1e4c;aves;cuculiformes;cuculidae;crotophaga;ani;smooth-billed ani
Crotophaga major,Ave,Lista Roja de las Aves del Ecuador 2019,,direct_model_species,yes,allowed,greater ani,9ecfddd3-a5a8-443f-b12a-9a06f140ebbb;aves;cuculiformes;cuculidae;crotophaga;major;greater ani
Crotophaga sulcirostris,Ave,Lista Roja de las Aves del Ecuador 2019,,direct_model_species,yes,allowed,groove-billed ani,3340e172-70df-44d8-9a87-3b4621de5f94;aves;cuculiformes;cuculidae;crotophaga;sulcirostris;groove-billed ani
Cryptoleucopteryx plumbea,Ave,Lista Roja de las Aves del Ecuador 2019,,not_found,no,,,
Cryptopipo holochlora,Ave,Lista Roja de las Aves del Ecuador 2019,,not_found,no,,,
Crypturellus bartletti,Ave,Lista Roja de las Aves del Ecuador 2019,,direct_model_species,yes,allowed,bartlett's tinamou,7eeaee79-a63e-4037-a797-599d61c33fc4;aves;struthioniformes;tinamidae;crypturellus;bartletti;bartlett's tinamou
Crypturellus berlepschi,Ave,Lista Roja de las Aves del Ecuador 2019,,not_found,no,,,
Crypturellus cinereus,Ave,Lista Roja de las Aves del Ecuador 2019,,direct_model_species,yes,allowed,cinereous tinamou,9be3bcca-70d6-41c1-8b42-67bd39e3011c;aves;struthioniformes;tinamidae;crypturellus;cinereus;cinereous tinamou
Crypturellus obsoletus,Ave,Lista Roja de las Aves del Ecuador 2019,,direct_model_species,yes,allowed,brown tinamou,313e5336-7f9e-4fa6-847f-a84077829ceb;aves;struthioniformes;tinamidae;crypturellus;obsoletus;brown tinamou
Crypturellus soui,Ave,Lista Roja de las Aves del Ecuador 2019,,direct_model_species,yes,allowed,little tinamou,23a81cc4-9f19-47fe-ba82-69759224b603;aves;struthioniformes;tinamidae;crypturellus;soui;little tinamou
Crypturellus tataupa,Ave,Lista Roja de las Aves del Ecuador 2019,,direct_model_species,yes,allowed,tataupa tinamou,a9b958fa-12eb-495e-b806-84445f47f7dc;aves;struthioniformes;tinamidae;crypturellus;tataupa;tataupa tinamou
Crypturellus transfasciatus,Ave,Lista Roja de las Aves del Ecuador 2019,,not_found,no,,,
Crypturellus undulatus,Ave,Lista Roja de las Aves del Ecuador 2019,,direct_model_species,yes,allowed,undulated tinamou,c09f39da-fcc2-4399-9dbf-bd5bfce6f074;aves;struthioniformes;tinamidae;crypturellus;undulatus;undulated tinamou
Crypturellus variegatus,Ave,Lista Roja de las Aves del Ecuador 2019,,direct_model_species,yes,allowed,variegated tinamou,b4368510-0a40-40e6-874f-00de6ebaa1af;aves;struthioniformes;tinamidae;crypturellus;variegatus;variegated tinamou
Cyanerpes caeruleus,Ave,Lista Roja de las Aves del Ecuador 2019,,not_found,no,,,
Cyanerpes cyaneus,Ave,Lista Roja de las Aves del Ecuador 2019,,not_found,no,,,
Cyanerpes nitidus,Ave,Lista Roja de las Aves del Ecuador 2019,,not_found,no,,,
Cyanocompsa cyanoides,Ave,Lista Roja de las Aves del Ecuador 2019,,not_found,no,,,
Cyanocorax mystacalis,Ave,Lista Roja de las Aves del Ecuador 2019,,not_found,no,,,
Cyanocorax violaceus,Ave,Lista Roja de las Aves del Ecuador 2019,,direct_model_species,yes,allowed,violaceous jay,09899010-6473-4c80-b5f0-abb878a033cf;aves;passeriformes;corvidae;cyanocorax;violaceus;violaceous jay
Cyanocorax yncas,Ave,Lista Roja de las Aves del Ecuador 2019,,direct_model_species,yes,allowed,green jay,d668b142-a012-4c44-b837-7b4e92a89119;aves;passeriformes;corvidae;cyanocorax;yncas;green jay
Cyanolyca armillata,Ave,Lista Roja de las Aves del Ecuador 2019,,not_found,no,,,
Cyanolyca pulchra,Ave,Lista Roja de las Aves del Ecuador 2019,,not_found,no,,,
Cyanolyca turcosa,Ave,Lista Roja de las Aves del Ecuador 2019,,not_found,no,,,
Cyclarhis gujanensis,Ave,Lista Roja de las Aves del Ecuador 2019,,not_found,no,,,
Cyclarhis nigrirostris,Ave,Lista Roja de las Aves del Ecuador 2019,,not_found,no,,,
Cymbilaimus lineatus,Ave,Lista Roja de las Aves del Ecuador 2019,,not_found,no,,,
Cyphorhinus arada,Ave,Lista Roja de las Aves del Ecuador 2019,,not_found,no,,,
Cyphorhinus phaeocephalus,Ave,Lista Roja de las Aves del Ecuador 2019,,not_found,no,,,
Cyphorhinus thoracicus,Ave,Lista Roja de las Aves del Ecuador 2019,,not_found,no,,,
Cypseloides cherriei,Ave,Lista Roja de las Aves del Ecuador 2019,,not_found,no,,,
Cypseloides cryptus,Ave,Lista Roja de las Aves del Ecuador 2019,,not_found,no,,,
Cypseloides lemosi,Ave,Lista Roja de las Aves del Ecuador 2019,,not_found,no,,,
Dacnis albiventris,Ave,Lista Roja de las Aves del Ecuador 2019,,not_found,no,,,
Dacnis berlepschi,Ave,Lista Roja de las Aves del Ecuador 2019,,not_found,no,,,
Dacnis cayana,Ave,Lista Roja de las Aves del Ecuador 2019,,not_found,no,,,
Dacnis flaviventer,Ave,Lista Roja de las Aves del Ecuador 2019,,not_found,no,,,
Dacnis lineata,Ave,Lista Roja de las Aves del Ecuador 2019,,not_found,no,,,
Dacnis venusta,Ave,Lista Roja de las Aves del Ecuador 2019,,not_found,no,,,
Damophila julie,Ave,Lista Roja de las Aves del Ecuador 2019,,not_found,no,,,
Daption capense,Ave,Lista Roja de las Aves del Ecuador 2019,,not_found,no,,,
Daptrius ater,Ave,Lista Roja de las Aves del Ecuador 2019,,direct_model_species,yes,allowed,black caracara,e7f0d5d7-bd8f-44e3-89ac-bdb62fe2df3b;aves;falconiformes;falconidae;daptrius;ater;black caracara
Deconychura longicauda,Ave,Lista Roja de las Aves del Ecuador 2019,,not_found,no,,,
Dendrexetastes rufigula,Ave,Lista Roja de las Aves del Ecuador 2019,,not_found,no,,,
Dendrocincla fuliginosa,Ave,Lista Roja de las Aves del Ecuador 2019,,direct_model_species,yes,allowed,plain-brown woodcreeper,602cae85-1ad3-4d7f-824f-5fc91cde146a;aves;passeriformes;furnariidae;dendrocincla;fuliginosa;plain-brown woodcreeper
Dendrocincla merula,Ave,Lista Roja de las Aves del Ecuador 2019,,not_found,no,,,
Dendrocincla tyrannina,Ave,Lista Roja de las Aves del Ecuador 2019,,not_found,no,,,
Dendrocolaptes certhia,Ave,Lista Roja de las Aves del Ecuador 2019,,not_found,no,,,
Dendrocolaptes picumnus,Ave,Lista Roja de las Aves del Ecuador 2019,,not_found,no,,,
Dendrocolaptes sanctithomae,Ave,Lista Roja de las Aves del Ecuador 2019,,not_found,no,,,
Dendrocygna autumnalis,Ave,Lista Roja de las Aves del Ecuador 2019,,direct_model_species,yes,allowed,black-bellied whistling-duck,448349bf-58aa-4768-9d60-49d66b367b5d;aves;anseriformes;anatidae;dendrocygna;autumnalis;black-bellied whistling-duck
Dendrocygna bicolor,Ave,Lista Roja de las Aves del Ecuador 2019,,not_found,no,,,
Dendroplex picus,Ave,Lista Roja de las Aves del Ecuador 2019,,direct_model_species,yes,allowed,straight-billed woodcreeper,c5f198c0-8eb5-4a78-b6c2-84b6a94a8244;aves;passeriformes;furnariidae;dendroplex;picus;straight-billed woodcreeper
Deroptyus accipitrinus,Ave,Lista Roja de las Aves del Ecuador 2019,,not_found,no,,,
Dichrozona cincta,Ave,Lista Roja de las Aves del Ecuador 2019,,direct_model_species,yes,allowed,banded antbird,a0a826b3-9990-4b22-8bda-cedad69da49b;aves;passeriformes;thamnophilidae;dichrozona;cincta;banded antbird
Diglossa albilatera,Ave,Lista Roja de las Aves del Ecuador 2019,,not_found,no,,,
Diglossa caerulescens,Ave,Lista Roja de las Aves del Ecuador 2019,,not_found,no,,,
Diglossa cyanea,Ave,Lista Roja de las Aves del Ecuador 2019,,not_found,no,,,
Diglossa glauca,Ave,Lista Roja de las Aves del Ecuador 2019,,not_found,no,,,
Diglossa humeralis,Ave,Lista Roja de las Aves del Ecuador 2019,,not_found,no,,,
Diglossa indigotica,Ave,Lista Roja de las Aves del Ecuador 2019,,not_found,no,,,
Diglossa lafresnayii,Ave,Lista Roja de las Aves del Ecuador 2019,,not_found,no,,,
Diglossa sittoides,Ave,Lista Roja de las Aves del Ecuador 2019,,not_found,no,,,
Directrices para,Ave,Lista Roja de las Aves del Ecuador 2019,,not_found,no,,,
Discosura conversii,Ave,Lista Roja de las Aves del Ecuador 2019,,not_found,no,,,
Discosura langsdorffi,Ave,Lista Roja de las Aves del Ecuador 2019,,not_found,no,,,
Discosura popelairii,Ave,Lista Roja de las Aves del Ecuador 2019,,not_found,no,,,
Dives warczewiczi,Ave,Lista Roja de las Aves del Ecuador 2019,,not_found,no,,,
Dixiphia pipra,Ave,Lista Roja de las Aves del Ecuador 2019,,not_found,no,,,
Dolichonyx oryzivorus,Ave,Lista Roja de las Aves del Ecuador 2019,,not_found,no,,,
Doliornis remseni,Ave,Lista Roja de las Aves del Ecuador 2019,,not_found,no,,,
Donacobius atricapilla,Ave,Lista Roja de las Aves del Ecuador 2019,,not_found,no,,,
Doryfera johannae,Ave,Lista Roja de las Aves del Ecuador 2019,,not_found,no,,,
Doryfera ludovicae,Ave,Lista Roja de las Aves del Ecuador 2019,,not_found,no,,,
Dromococcyx pavoninus,Ave,Lista Roja de las Aves del Ecuador 2019,,direct_model_species,yes,allowed,pavonine cuckoo,8ab6763d-9307-4ddb-bb6c-854a46328da8;aves;cuculiformes;cuculidae;dromococcyx;pavoninus;pavonine cuckoo
Dromococcyx phasianellus,Ave,Lista Roja de las Aves del Ecuador 2019,,not_found,no,,,
Drymophila devillei,Ave,Lista Roja de las Aves del Ecuador 2019,,not_found,no,,,
Drymophila striaticeps,Ave,Lista Roja de las Aves del Ecuador 2019,,not_found,no,,,
Drymotoxeres pucheranii,Ave,Lista Roja de las Aves del Ecuador 2019,,not_found,no,,,
Dryocopus lineatus,Ave,Lista Roja de las Aves del Ecuador 2019,,not_found,no,,,
Dubusia taeniata,Ave,Lista Roja de las Aves del Ecuador 2019,,not_found,no,,,
Dvorak por facilitar,Ave,Lista Roja de las Aves del Ecuador 2019,,not_found,no,,,
Dysithamnus leucostictus,Ave,Lista Roja de las Aves del Ecuador 2019,,not_found,no,,,
Dysithamnus mentalis,Ave,Lista Roja de las Aves del Ecuador 2019,,not_found,no,,,
Dysithamnus occidentalis,Ave,Lista Roja de las Aves del Ecuador 2019,,not_found,no,,,
Dysithamnus puncticeps,Ave,Lista Roja de las Aves del Ecuador 2019,,not_found,no,,,
Ecuador continental,Ave,Lista Roja de las Aves del Ecuador 2019,,not_found,no,,,
Ecuador continental agrupadas,Ave,Lista Roja de las Aves del Ecuador 2019,,not_found,no,,,
Ecuador continental organizadas,Ave,Lista Roja de las Aves del Ecuador 2019,,not_found,no,,,
Ecuador continental periodo,Ave,Lista Roja de las Aves del Ecuador 2019,,not_found,no,,,
Ecuador cuenta con,Ave,Lista Roja de las Aves del Ecuador 2019,,not_found,no,,,
Ecuador fue posible,Ave,Lista Roja de las Aves del Ecuador 2019,,not_found,no,,,
Ecuador hasta julio,Ave,Lista Roja de las Aves del Ecuador 2019,,not_found,no,,,
Ecuador que presentamos,Ave,Lista Roja de las Aves del Ecuador 2019,,not_found,no,,,
Ecuador refleja,Ave,Lista Roja de las Aves del Ecuador 2019,,not_found,no,,,
Ecuador son,Ave,Lista Roja de las Aves del Ecuador 2019,,not_found,no,,,
Ecuador sufren una,Ave,Lista Roja de las Aves del Ecuador 2019,,not_found,no,,,
Egretta caerulea,Ave,Lista Roja de las Aves del Ecuador 2019,,direct_model_species,yes,allowed,little blue heron,31017238-7b2f-4077-a239-ec8ae713c4d2;aves;pelecaniformes;ardeidae;egretta;caerulea;little blue heron
Egretta rufescens,Ave,Lista Roja de las Aves del Ecuador 2019,,not_found,no,,,
Egretta thula,Ave,Lista Roja de las Aves del Ecuador 2019,,direct_model_species,yes,allowed,snowy egret,e1468ade-3f05-4f98-b51a-aca72916825c;aves;pelecaniformes;ardeidae;egretta;thula;snowy egret
Egretta tricolor,Ave,Lista Roja de las Aves del Ecuador 2019,,direct_model_species,yes,allowed,tricolored heron,984f2b7c-95d9-42a5-92ca-25eb65111249;aves;pelecaniformes;ardeidae;egretta;tricolor;tricolored heron
Elaenia albiceps,Ave,Lista Roja de las Aves del Ecuador 2019,,not_found,no,,,
Elaenia brachyptera,Ave,Lista Roja de las Aves del Ecuador 2019,,not_found,no,,,
Elaenia chiriquensis,Ave,Lista Roja de las Aves del Ecuador 2019,,not_found,no,,,
Elaenia flavogaster,Ave,Lista Roja de las Aves del Ecuador 2019,,not_found,no,,,
Elaenia gigas,Ave,Lista Roja de las Aves del Ecuador 2019,,not_found,no,,,
Elaenia obscura,Ave,Lista Roja de las Aves del Ecuador 2019,,not_found,no,,,
Elaenia pallatangae,Ave,Lista Roja de las Aves del Ecuador 2019,,not_found,no,,,
Elaenia parvirostris,Ave,Lista Roja de las Aves del Ecuador 2019,,not_found,no,,,
Elaenia spectabilis,Ave,Lista Roja de las Aves del Ecuador 2019,,not_found,no,,,
Elaenia strepera,Ave,Lista Roja de las Aves del Ecuador 2019,,not_found,no,,,
Elanoides forficatus,Ave,Lista Roja de las Aves del Ecuador 2019,,not_found,no,,,
Elanus leucurus,Ave,Lista Roja de las Aves del Ecuador 2019,,not_found,no,,,
Electron platyrhynchum,Ave,Lista Roja de las Aves del Ecuador 2019,,direct_model_species,yes,allowed,broad-billed motmot,e0057464-1565-4916-9e59-74360335f2f7;aves;coraciiformes;momotidae;electron;platyrhynchum;broad-billed motmot
Emberizoides herbicola,Ave,Lista Roja de las Aves del Ecuador 2019,,not_found,no,,,
Empidonax alnorum,Ave,Lista Roja de las Aves del Ecuador 2019,,not_found,no,,,
Empidonax traillii,Ave,Lista Roja de las Aves del Ecuador 2019,,not_found,no,,,
Empidonax virescens,Ave,Lista Roja de las Aves del Ecuador 2019,,not_found,no,,,
Empidonomus aurantioatrocristatus,Ave,Lista Roja de las Aves del Ecuador 2019,,not_found,no,,,
Empidonomus varius,Ave,Lista Roja de las Aves del Ecuador 2019,,not_found,no,,,
Encontramos especies,Ave,Lista Roja de las Aves del Ecuador 2019,,not_found,no,,,
Ensifera ensifera,Ave,Lista Roja de las Aves del Ecuador 2019,,not_found,no,,,
Entomodestes coracinus,Ave,Lista Roja de las Aves del Ecuador 2019,,not_found,no,,,
Epinecrophylla erythrura,Ave,Lista Roja de las Aves del Ecuador 2019,,not_found,no,,,
Epinecrophylla fjeldsaai,Ave,Lista Roja de las Aves del Ecuador 2019,,not_found,no,,,
Epinecrophylla fulviventris,Ave,Lista Roja de las Aves del Ecuador 2019,,not_found,no,,,
Epinecrophylla haematonota,Ave,Lista Roja de las Aves del Ecuador 2019,,not_found,no,,,
Epinecrophylla ornata,Ave,Lista Roja de las Aves del Ecuador 2019,,not_found,no,,,
Epinecrophylla spodionota,Ave,Lista Roja de las Aves del Ecuador 2019,,not_found,no,,,
Eriocnemis aline,Ave,Lista Roja de las Aves del Ecuador 2019,,not_found,no,,,
Eriocnemis derbyi,Ave,Lista Roja de las Aves del Ecuador 2019,,not_found,no,,,
Eriocnemis godini,Ave,Lista Roja de las Aves del Ecuador 2019,,not_found,no,,,
Eriocnemis luciani,Ave,Lista Roja de las Aves del Ecuador 2019,,not_found,no,,,
Eriocnemis mosquera,Ave,Lista Roja de las Aves del Ecuador 2019,,not_found,no,,,
Eriocnemis nigrivestis,Ave,Lista Roja de las Aves del Ecuador 2019,,not_found,no,,,
Eriocnemis vestita,Ave,Lista Roja de las Aves del Ecuador 2019,,not_found,no,,,
Especies amenazadas,Ave,Lista Roja de las Aves del Ecuador 2019,,not_found,no,,,
Especies clasificadas como,Ave,Lista Roja de las Aves del Ecuador 2019,,not_found,no,,,
Esta medida sugiere,Ave,Lista Roja de las Aves del Ecuador 2019,,not_found,no,,,
Estamos muy agradecidos,Ave,Lista Roja de las Aves del Ecuador 2019,,not_found,no,,,
Este proceso,Ave,Lista Roja de las Aves del Ecuador 2019,,not_found,no,,,
Eubucco bourcierii,Ave,Lista Roja de las Aves del Ecuador 2019,,not_found,no,,,
Eubucco richardsoni,Ave,Lista Roja de las Aves del Ecuador 2019,,not_found,no,,,
Euchrepomis callinota,Ave,Lista Roja de las Aves del Ecuador 2019,,not_found,no,,,
Euchrepomis humeralis,Ave,Lista Roja de las Aves del Ecuador 2019,,not_found,no,,,
Euchrepomis spodioptila,Ave,Lista Roja de las Aves del Ecuador 2019,,not_found,no,,,
Eucometis penicillata,Ave,Lista Roja de las Aves del Ecuador 2019,,not_found,no,,,
Eudocimus albus,Ave,Lista Roja de las Aves del Ecuador 2019,,direct_model_species,yes,allowed,white ibis,bf385f1d-a46c-49d6-8447-e4051cfb0f1f;aves;pelecaniformes;threskiornithidae;eudocimus;albus;white ibis
Eudocimus ruber,Ave,Lista Roja de las Aves del Ecuador 2019,,not_found,no,,,
Euphonia chlorotica,Ave,Lista Roja de las Aves del Ecuador 2019,,not_found,no,,,
Euphonia chrysopasta,Ave,Lista Roja de las Aves del Ecuador 2019,,not_found,no,,,
Euphonia cyanocephala,Ave,Lista Roja de las Aves del Ecuador 2019,,not_found,no,,,
Euphonia fulvicrissa,Ave,Lista Roja de las Aves del Ecuador 2019,,not_found,no,,,
Euphonia laniirostris,Ave,Lista Roja de las Aves del Ecuador 2019,,not_found,no,,,
Euphonia mesochrysa,Ave,Lista Roja de las Aves del Ecuador 2019,,not_found,no,,,
Euphonia minuta,Ave,Lista Roja de las Aves del Ecuador 2019,,not_found,no,,,
Euphonia rufiventris,Ave,Lista Roja de las Aves del Ecuador 2019,,not_found,no,,,
Euphonia saturata,Ave,Lista Roja de las Aves del Ecuador 2019,,not_found,no,,,
Euphonia xanthogaster,Ave,Lista Roja de las Aves del Ecuador 2019,,not_found,no,,,
Eurypyga helias,Ave,Lista Roja de las Aves del Ecuador 2019,,direct_model_species,yes,allowed,sunbittern,e3561212-8e0b-4cc6-8834-6c4613691ae4;aves;eurypygiformes;eurypygidae;eurypyga;helias;sunbittern
Euscarthmus meloryphus,Ave,Lista Roja de las Aves del Ecuador 2019,,not_found,no,,,
Eutoxeres aquila,Ave,Lista Roja de las Aves del Ecuador 2019,,not_found,no,,,
Eutoxeres condamini,Ave,Lista Roja de las Aves del Ecuador 2019,,not_found,no,,,
Evaluamos algunas subespecies,Ave,Lista Roja de las Aves del Ecuador 2019,,not_found,no,,,
Falco columbarius,Ave,Lista Roja de las Aves del Ecuador 2019,,not_found,no,,,
Falco deiroleucus,Ave,Lista Roja de las Aves del Ecuador 2019,,not_found,no,,,
Falco femoralis,Ave,Lista Roja de las Aves del Ecuador 2019,,direct_model_species,yes,allowed,aplomado falcon,6fd94c73-bce7-403f-ba14-e2ca666faa2f;aves;falconiformes;falconidae;falco;femoralis;aplomado falcon
Falco peregrinus,Ave,Lista Roja de las Aves del Ecuador 2019,,direct_model_species,yes,allowed,faucon pèlerin,8c9ba5cf-b98b-4b25-8543-9fcf0e69aed3;aves;falconiformes;falconidae;falco;peregrinus;faucon pèlerin
Falco peregrinus cassini,Ave,Lista Roja de las Aves del Ecuador 2019,,binomial_model_species,yes,allowed,faucon pèlerin,8c9ba5cf-b98b-4b25-8543-9fcf0e69aed3;aves;falconiformes;falconidae;falco;peregrinus;faucon pèlerin
Falco rufigularis,Ave,Lista Roja de las Aves del Ecuador 2019,,not_found,no,,,
Falco sparverius,Ave,Lista Roja de las Aves del Ecuador 2019,,direct_model_species,yes,allowed,american kestrel,1ab198a0-04dc-4407-8370-1a458c0c9f8e;aves;falconiformes;falconidae;falco;sparverius;american kestrel
Florisuga mellivora,Ave,Lista Roja de las Aves del Ecuador 2019,,not_found,no,,,
Fluctuaciones extremas,Ave,Lista Roja de las Aves del Ecuador 2019,,not_found,no,,,
Fluvicola nengeta,Ave,Lista Roja de las Aves del Ecuador 2019,,not_found,no,,,
Fluvicola pica,Ave,Lista Roja de las Aves del Ecuador 2019,,not_found,no,,,
Formicarius analis,Ave,Lista Roja de las Aves del Ecuador 2019,,direct_model_species,yes,allowed,black-faced antthrush,a0841346-8260-4450-96b8-1e4ded395805;aves;passeriformes;formicariidae;formicarius;analis;black-faced antthrush
Formicarius colma,Ave,Lista Roja de las Aves del Ecuador 2019,,direct_model_species,yes,allowed,rufous-capped antthrush,56b92a35-a785-4e2d-b42a-6e6f58e78e9b;aves;passeriformes;formicariidae;formicarius;colma;rufous-capped antthrush
Formicarius nigricapillus,Ave,Lista Roja de las Aves del Ecuador 2019,,not_found,no,,,
Formicarius rufipectus,Ave,Lista Roja de las Aves del Ecuador 2019,,direct_model_species,yes,allowed,rufous-breasted antthrush,e6c94967-e6c6-4599-a53c-7574ca55ce32;aves;passeriformes;formicariidae;formicarius;rufipectus;rufous-breasted antthrush
Forpus coelestis,Ave,Lista Roja de las Aves del Ecuador 2019,,not_found,no,,,
Forpus modestus,Ave,Lista Roja de las Aves del Ecuador 2019,,not_found,no,,,
Forpus xanthopterygius,Ave,Lista Roja de las Aves del Ecuador 2019,,not_found,no,,,
Frederickena fulva,Ave,Lista Roja de las Aves del Ecuador 2019,,not_found,no,,,
Fregata magnificens,Ave,Lista Roja de las Aves del Ecuador 2019,,not_found,no,,,
Fregata minor,Ave,Lista Roja de las Aves del Ecuador 2019,,not_found,no,,,
Fregetta grallaria,Ave,Lista Roja de las Aves del Ecuador 2019,,direct_model_species,yes,blocked by allow-list,white-bellied storm-petrel,a9348d61-f328-46e4-a099-07d06b551ae8;aves;procellariiformes;oceanitidae;fregetta;grallaria;white-bellied storm-petrel
Fulica americana,Ave,Lista Roja de las Aves del Ecuador 2019,,direct_model_species,yes,blocked by allow-list,american coot,ca2a32c7-82d1-4cc3-8be9-646847e9cef5;aves;gruiformes;rallidae;fulica;americana;american coot
Fulica americana columbiana,Ave,Lista Roja de las Aves del Ecuador 2019,,binomial_model_species,yes,blocked by allow-list,american coot,ca2a32c7-82d1-4cc3-8be9-646847e9cef5;aves;gruiformes;rallidae;fulica;americana;american coot
Fulica ardesiaca,Ave,Lista Roja de las Aves del Ecuador 2019,,not_found,no,,,
Fulmarus glacialoides,Ave,Lista Roja de las Aves del Ecuador 2019,,not_found,no,,,
Furnarius leucopus,Ave,Lista Roja de las Aves del Ecuador 2019,,direct_model_species,yes,blocked by allow-list,pale-legged hornero,b60dff12-7b60-4433-8ba9-8aa3dc585bb4;aves;passeriformes;furnariidae;furnarius;leucopus;pale-legged hornero
Furnarius minor,Ave,Lista Roja de las Aves del Ecuador 2019,,not_found,no,,,
Furnarius torridus,Ave,Lista Roja de las Aves del Ecuador 2019,,not_found,no,,,
Galapagos landbirds,Ave,Lista Roja de las Aves del Ecuador 2019,,not_found,no,,,
Galapagos report,Ave,Lista Roja de las Aves del Ecuador 2019,,not_found,no,,,
Galbalcyrhynchus leucotis,Ave,Lista Roja de las Aves del Ecuador 2019,,not_found,no,,,
Galbula albirostris,Ave,Lista Roja de las Aves del Ecuador 2019,,not_found,no,,,
Galbula chalcothorax,Ave,Lista Roja de las Aves del Ecuador 2019,,not_found,no,,,
Galbula cyanescens,Ave,Lista Roja de las Aves del Ecuador 2019,,not_found,no,,,
Galbula dea,Ave,Lista Roja de las Aves del Ecuador 2019,,not_found,no,,,
Galbula pastazae,Ave,Lista Roja de las Aves del Ecuador 2019,,not_found,no,,,
Galbula ruficauda,Ave,Lista Roja de las Aves del Ecuador 2019,,not_found,no,,,
Galbula tombacea,Ave,Lista Roja de las Aves del Ecuador 2019,,not_found,no,,,
Gallinago andina,Ave,Lista Roja de las Aves del Ecuador 2019,,direct_model_species,yes,blocked by allow-list,puna snipe,17343b67-644b-43d5-8070-51785255d407;aves;charadriiformes;scolopacidae;gallinago;andina;puna snipe
Gallinago delicata,Ave,Lista Roja de las Aves del Ecuador 2019,,direct_model_species,yes,allowed,wilson's snipe,33f95ccf-52cd-423f-82c9-c86ef1173905;aves;charadriiformes;scolopacidae;gallinago;delicata;wilson's snipe
Gallinago imperialis,Ave,Lista Roja de las Aves del Ecuador 2019,,direct_model_species,yes,allowed,imperial snipe,342acd7d-7e7a-4869-9b42-8123dc9061d2;aves;charadriiformes;scolopacidae;gallinago;imperialis;imperial snipe
Gallinago jamesoni,Ave,Lista Roja de las Aves del Ecuador 2019,,not_found,no,,,
Gallinago nobilis,Ave,Lista Roja de las Aves del Ecuador 2019,,not_found,no,,,
Gallinago paraguaiae,Ave,Lista Roja de las Aves del Ecuador 2019,,not_found,no,,,
Gallinula galeata,Ave,Lista Roja de las Aves del Ecuador 2019,,direct_model_species,yes,allowed,common gallinule,022ddce9-d300-4356-9eca-00ce5847c581;aves;gruiformes;rallidae;gallinula;galeata;common gallinule
Gampsonyx swainsonii,Ave,Lista Roja de las Aves del Ecuador 2019,,not_found,no,,,
Gelochelidon nilotica,Ave,Lista Roja de las Aves del Ecuador 2019,,not_found,no,,,
Geositta tenuirostris,Ave,Lista Roja de las Aves del Ecuador 2019,,not_found,no,,,
Geospiza conirostris,Ave,Lista Roja de las Aves del Ecuador 2019,,not_found,no,,,
Geospiza conirostris propinqua,Ave,Lista Roja de las Aves del Ecuador 2019,,not_found,no,,,
Geospiza difficilis,Ave,Lista Roja de las Aves del Ecuador 2019,,not_found,no,,,
Geospiza difficilis acutirostris,Ave,Lista Roja de las Aves del Ecuador 2019,,not_found,no,,,
Geospiza difficilis septentrionalis,Ave,Lista Roja de las Aves del Ecuador 2019,,not_found,no,,,
Geospiza fortis,Ave,Lista Roja de las Aves del Ecuador 2019,,not_found,no,,,
Geospiza fuliginosa,Ave,Lista Roja de las Aves del Ecuador 2019,,not_found,no,,,
Geospiza magnirostris,Ave,Lista Roja de las Aves del Ecuador 2019,,not_found,no,,,
Geospiza scandens,Ave,Lista Roja de las Aves del Ecuador 2019,,not_found,no,,,
Geothlypis aequinoctialis,Ave,Lista Roja de las Aves del Ecuador 2019,,not_found,no,,,
Geothlypis philadelphia,Ave,Lista Roja de las Aves del Ecuador 2019,,not_found,no,,,
Geothlypis semiflava,Ave,Lista Roja de las Aves del Ecuador 2019,,not_found,no,,,
Geotrygon montana,Ave,Lista Roja de las Aves del Ecuador 2019,,direct_model_species,yes,allowed,ruddy quail-dove,518013b1-6f89-4679-8523-73cb73cb2f1c;aves;columbiformes;columbidae;geotrygon;montana;ruddy quail-dove
Geotrygon purpurata,Ave,Lista Roja de las Aves del Ecuador 2019,,not_found,no,,,
Geotrygon saphirina,Ave,Lista Roja de las Aves del Ecuador 2019,,direct_model_species,yes,allowed,sapphire quail-dove,a0aa1b81-3a14-4028-ab3f-f36d9486f0e7;aves;columbiformes;columbidae;geotrygon;saphirina;sapphire quail-dove
Geranoaetus melanoleucus,Ave,Lista Roja de las Aves del Ecuador 2019,,not_found,no,,,
Geranoaetus polyosoma,Ave,Lista Roja de las Aves del Ecuador 2019,,not_found,no,,,
Geranospiza caerulescens,Ave,Lista Roja de las Aves del Ecuador 2019,,direct_model_species,yes,allowed,crane hawk,202b21a8-0681-453f-9fd1-1f183d2f3f7b;aves;accipitriformes;accipitridae;geranospiza;caerulescens;crane hawk
Glaucidium brasilianum,Ave,Lista Roja de las Aves del Ecuador 2019,,not_found,no,,,
Glaucidium griseiceps,Ave,Lista Roja de las Aves del Ecuador 2019,,not_found,no,,,
Glaucidium jardinii,Ave,Lista Roja de las Aves del Ecuador 2019,,not_found,no,,,
Glaucidium nubicola,Ave,Lista Roja de las Aves del Ecuador 2019,,not_found,no,,,
Glaucidium parkeri,Ave,Lista Roja de las Aves del Ecuador 2019,,not_found,no,,,
Glaucidium peruanum,Ave,Lista Roja de las Aves del Ecuador 2019,,not_found,no,,,
Glaucis aeneus,Ave,Lista Roja de las Aves del Ecuador 2019,,not_found,no,,,
Glaucis hirsutus,Ave,Lista Roja de las Aves del Ecuador 2019,,direct_model_species,yes,allowed,rufous-breasted hermit,0ffa19ea-ad45-40b7-ba0e-c1a507c3d654;aves;caprimulgiformes;trochilidae;glaucis;hirsutus;rufous-breasted hermit
Glyphorynchus spirurus,Ave,Lista Roja de las Aves del Ecuador 2019,,not_found,no,,,
Grallaria alleni,Ave,Lista Roja de las Aves del Ecuador 2019,,not_found,no,,,
Grallaria dignissima,Ave,Lista Roja de las Aves del Ecuador 2019,,not_found,no,,,
Grallaria flavotincta,Ave,Lista Roja de las Aves del Ecuador 2019,,not_found,no,,,
Grallaria gigantea,Ave,Lista Roja de las Aves del Ecuador 2019,,not_found,no,,,
Grallaria guatimalensis,Ave,Lista Roja de las Aves del Ecuador 2019,,direct_model_species,yes,allowed,scaled antpitta,548dacbd-6e25-4e22-999e-61165e3f020a;aves;passeriformes;grallariidae;grallaria;guatimalensis;scaled antpitta
Grallaria haplonota,Ave,Lista Roja de las Aves del Ecuador 2019,,not_found,no,,,
Grallaria hypoleuca,Ave,Lista Roja de las Aves del Ecuador 2019,,direct_model_species,yes,allowed,white-bellied antpitta,da1e8777-f8b5-4c57-ac8a-661280361642;aves;passeriformes;grallariidae;grallaria;hypoleuca;white-bellied antpitta
Grallaria nuchalis,Ave,Lista Roja de las Aves del Ecuador 2019,,direct_model_species,yes,allowed,chestnut-naped antpitta,7dfaaf3b-34ee-40eb-8e84-5f8870e05eba;aves;passeriformes;grallariidae;grallaria;nuchalis;chestnut-naped antpitta
Grallaria quitensis,Ave,Lista Roja de las Aves del Ecuador 2019,,direct_model_species,yes,allowed,western tawny antpitta,8323eadd-b3fe-488c-b514-30097600da5b;aves;passeriformes;grallariidae;grallaria;quitensis;western tawny antpitta
Grallaria ridgelyi,Ave,Lista Roja de las Aves del Ecuador 2019,,not_found,no,,,
Grallaria ruficapilla,Ave,Lista Roja de las Aves del Ecuador 2019,,direct_model_species,yes,allowed,chestnut-crowned antpitta,28107db5-96c0-4464-aa33-656d86e00fe1;aves;passeriformes;grallariidae;grallaria;ruficapilla;chestnut-crowned antpitta
Grallaria rufocinerea,Ave,Lista Roja de las Aves del Ecuador 2019,,not_found,no,,,
Grallaria rufula,Ave,Lista Roja de las Aves del Ecuador 2019,,direct_model_species,yes,allowed,rufous antpitta,81dfa0d1-659a-4a21-a8ca-7ef6e5df722a;aves;passeriformes;grallariidae;grallaria;rufula;rufous antpitta
Grallaria squamigera,Ave,Lista Roja de las Aves del Ecuador 2019,,direct_model_species,yes,allowed,undulated antpitta,30a18490-9835-43f7-9a8b-657aeea3369b;aves;passeriformes;grallariidae;grallaria;squamigera;undulated antpitta
Grallaria watkinsi,Ave,Lista Roja de las Aves del Ecuador 2019,,not_found,no,,,
Grallaricula ferrugineipectus,Ave,Lista Roja de las Aves del Ecuador 2019,,not_found,no,,,
Grallaricula flavirostris,Ave,Lista Roja de las Aves del Ecuador 2019,,not_found,no,,,
Grallaricula lineifrons,Ave,Lista Roja de las Aves del Ecuador 2019,,not_found,no,,,
Grallaricula nana,Ave,Lista Roja de las Aves del Ecuador 2019,,direct_model_species,yes,allowed,slaty-crowned antpitta,e47fd1a6-690e-4041-88ae-000be5670775;aves;passeriformes;grallariidae;grallaricula;nana;slaty-crowned antpitta
Grallaricula peruviana,Ave,Lista Roja de las Aves del Ecuador 2019,,not_found,no,,,
Graydidascalus brachyurus,Ave,Lista Roja de las Aves del Ecuador 2019,,not_found,no,,,
Gygis alba,Ave,Lista Roja de las Aves del Ecuador 2019,,not_found,no,,,
Gymnoderus foetidus,Ave,Lista Roja de las Aves del Ecuador 2019,,not_found,no,,,
Gymnomystax mexicanus,Ave,Lista Roja de las Aves del Ecuador 2019,,not_found,no,,,
Gymnopithys bicolor,Ave,Lista Roja de las Aves del Ecuador 2019,,not_found,no,,,
Gymnopithys leucaspis,Ave,Lista Roja de las Aves del Ecuador 2019,,not_found,no,,,
Gymnopithys lunulatus,Ave,Lista Roja de las Aves del Ecuador 2019,,not_found,no,,,
Habia rubica,Ave,Lista Roja de las Aves del Ecuador 2019,,not_found,no,,,
Haematopus ater,Ave,Lista Roja de las Aves del Ecuador 2019,,not_found,no,,,
Haematopus palliatus,Ave,Lista Roja de las Aves del Ecuador 2019,,not_found,no,,,
Haematopus palliatus galapagensis,Ave,Lista Roja de las Aves del Ecuador 2019,,not_found,no,,,
Hapalopsittaca amazonina,Ave,Lista Roja de las Aves del Ecuador 2019,,not_found,no,,,
Hapalopsittaca pyrrhops,Ave,Lista Roja de las Aves del Ecuador 2019,,not_found,no,,,
Hapaloptila castanea,Ave,Lista Roja de las Aves del Ecuador 2019,,not_found,no,,,
Haplophaedia aureliae,Ave,Lista Roja de las Aves del Ecuador 2019,,not_found,no,,,
Haplophaedia lugens,Ave,Lista Roja de las Aves del Ecuador 2019,,not_found,no,,,
Haplospiza rustica,Ave,Lista Roja de las Aves del Ecuador 2019,,not_found,no,,,
Harpagus bidentatus,Ave,Lista Roja de las Aves del Ecuador 2019,,not_found,no,,,
Harpagus diodon,Ave,Lista Roja de las Aves del Ecuador 2019,,not_found,no,,,
Harpia harpyja,Ave,Lista Roja de las Aves del Ecuador 2019,,direct_model_species,yes,allowed,harpy eagle,daf99eaf-b9c8-4f65-8445-8c0374cfc8a4;aves;accipitriformes;accipitridae;harpia;harpyja;harpy eagle
Heliangelus amethysticollis,Ave,Lista Roja de las Aves del Ecuador 2019,,not_found,no,,,
Heliangelus exortis,Ave,Lista Roja de las Aves del Ecuador 2019,,not_found,no,,,
Heliangelus micraster,Ave,Lista Roja de las Aves del Ecuador 2019,,not_found,no,,,
Heliangelus regalis,Ave,Lista Roja de las Aves del Ecuador 2019,,not_found,no,,,
Heliangelus strophianus,Ave,Lista Roja de las Aves del Ecuador 2019,,not_found,no,,,
Heliangelus viola,Ave,Lista Roja de las Aves del Ecuador 2019,,not_found,no,,,
Helicolestes hamatus,Ave,Lista Roja de las Aves del Ecuador 2019,,direct_model_species,yes,allowed,slender-billed kite,d51f995c-072f-4571-886d-5bd1ba354e7d;aves;accipitriformes;accipitridae;helicolestes;hamatus;slender-billed kite
Heliodoxa aurescens,Ave,Lista Roja de las Aves del Ecuador 2019,,not_found,no,,,
Heliodoxa gularis,Ave,Lista Roja de las Aves del Ecuador 2019,,not_found,no,,,
Heliodoxa imperatrix,Ave,Lista Roja de las Aves del Ecuador 2019,,not_found,no,,,
Heliodoxa jacula,Ave,Lista Roja de las Aves del Ecuador 2019,,not_found,no,,,
Heliodoxa leadbeateri,Ave,Lista Roja de las Aves del Ecuador 2019,,not_found,no,,,
Heliodoxa rubinoides,Ave,Lista Roja de las Aves del Ecuador 2019,,not_found,no,,,
Heliodoxa schreibersii,Ave,Lista Roja de las Aves del Ecuador 2019,,not_found,no,,,
Heliomaster furcifer,Ave,Lista Roja de las Aves del Ecuador 2019,,not_found,no,,,
Heliomaster longirostris,Ave,Lista Roja de las Aves del Ecuador 2019,,not_found,no,,,
Heliornis fulica,Ave,Lista Roja de las Aves del Ecuador 2019,,not_found,no,,,
Heliothryx auritus,Ave,Lista Roja de las Aves del Ecuador 2019,,not_found,no,,,
Heliothryx barroti,Ave,Lista Roja de las Aves del Ecuador 2019,,not_found,no,,,
Hellmayrea gularis,Ave,Lista Roja de las Aves del Ecuador 2019,,not_found,no,,,
Hemispingus atropileus,Ave,Lista Roja de las Aves del Ecuador 2019,,not_found,no,,,
Hemispingus frontalis,Ave,Lista Roja de las Aves del Ecuador 2019,,not_found,no,,,
Hemispingus melanotis,Ave,Lista Roja de las Aves del Ecuador 2019,,not_found,no,,,
Hemispingus superciliaris,Ave,Lista Roja de las Aves del Ecuador 2019,,not_found,no,,,
Hemispingus verticalis,Ave,Lista Roja de las Aves del Ecuador 2019,,not_found,no,,,
Hemithraupis flavicollis,Ave,Lista Roja de las Aves del Ecuador 2019,,not_found,no,,,
Hemithraupis guira,Ave,Lista Roja de las Aves del Ecuador 2019,,not_found,no,,,
Hemitriccus cinnamomeipectus,Ave,Lista Roja de las Aves del Ecuador 2019,,not_found,no,,,
Hemitriccus granadensis,Ave,Lista Roja de las Aves del Ecuador 2019,,not_found,no,,,
Hemitriccus iohannis,Ave,Lista Roja de las Aves del Ecuador 2019,,not_found,no,,,
Hemitriccus minimus,Ave,Lista Roja de las Aves del Ecuador 2019,,not_found,no,,,
Hemitriccus rufigularis,Ave,Lista Roja de las Aves del Ecuador 2019,,not_found,no,,,
Hemitriccus zosterops,Ave,Lista Roja de las Aves del Ecuador 2019,,not_found,no,,,
Henicorhina leucophrys,Ave,Lista Roja de las Aves del Ecuador 2019,,direct_model_species,yes,allowed,gray-breasted wood-wren,e4d72547-605c-4df7-addb-a35049fb5627;aves;passeriformes;troglodytidae;henicorhina;leucophrys;gray-breasted wood-wren
Henicorhina leucoptera,Ave,Lista Roja de las Aves del Ecuador 2019,,not_found,no,,,
Henicorhina leucosticta,Ave,Lista Roja de las Aves del Ecuador 2019,,not_found,no,,,
Herpetotheres cachinnans,Ave,Lista Roja de las Aves del Ecuador 2019,,not_found,no,,,
Herpsilochmus axillaris,Ave,Lista Roja de las Aves del Ecuador 2019,,not_found,no,,,
Herpsilochmus dugandi,Ave,Lista Roja de las Aves del Ecuador 2019,,not_found,no,,,
Herpsilochmus gentryi,Ave,Lista Roja de las Aves del Ecuador 2019,,not_found,no,,,
Herpsilochmus rufimarginatus,Ave,Lista Roja de las Aves del Ecuador 2019,,not_found,no,,,
Heterocercus aurantiivertex,Ave,Lista Roja de las Aves del Ecuador 2019,,not_found,no,,,
Heterospingus xanthopygius,Ave,Lista Roja de las Aves del Ecuador 2019,,not_found,no,,,
Himantopus mexicanus,Ave,Lista Roja de las Aves del Ecuador 2019,,direct_model_species,yes,allowed,black-necked stilt,3a8b9ae7-a5b0-497d-b4b7-8ffbe7f870d0;aves;charadriiformes;recurvirostridae;himantopus;mexicanus;black-necked stilt
Hirundinea ferruginea,Ave,Lista Roja de las Aves del Ecuador 2019,,not_found,no,,,
Hirundo rustica,Ave,Lista Roja de las Aves del Ecuador 2019,,direct_model_species,yes,allowed,barn swallow,f64c3cbb-8dca-4532-baf7-d005626313d4;aves;passeriformes;hirundinidae;hirundo;rustica;barn swallow
Hydroprogne caspia,Ave,Lista Roja de las Aves del Ecuador 2019,,not_found,no,,,
Hydropsalis cayennensis,Ave,Lista Roja de las Aves del Ecuador 2019,,not_found,no,,,
Hydropsalis climacocerca,Ave,Lista Roja de las Aves del Ecuador 2019,,not_found,no,,,
Hydropsalis maculicaudus,Ave,Lista Roja de las Aves del Ecuador 2019,,not_found,no,,,
Hylexetastes stresemanni,Ave,Lista Roja de las Aves del Ecuador 2019,,not_found,no,,,
Hylocharis cyanus,Ave,Lista Roja de las Aves del Ecuador 2019,,not_found,no,,,
Hylocharis grayi,Ave,Lista Roja de las Aves del Ecuador 2019,,not_found,no,,,
Hylocharis humboldtii,Ave,Lista Roja de las Aves del Ecuador 2019,,not_found,no,,,
Hylocharis sapphirina,Ave,Lista Roja de las Aves del Ecuador 2019,,not_found,no,,,
Hylopezus dives,Ave,Lista Roja de las Aves del Ecuador 2019,,not_found,no,,,
Hylopezus fulviventris,Ave,Lista Roja de las Aves del Ecuador 2019,,not_found,no,,,
Hylopezus perspicillatus,Ave,Lista Roja de las Aves del Ecuador 2019,,not_found,no,,,
Hylophilus olivaceus,Ave,Lista Roja de las Aves del Ecuador 2019,,not_found,no,,,
Hylophilus thoracicus,Ave,Lista Roja de las Aves del Ecuador 2019,,not_found,no,,,
Hylophylax naevioides,Ave,Lista Roja de las Aves del Ecuador 2019,,not_found,no,,,
Hylophylax naevius,Ave,Lista Roja de las Aves del Ecuador 2019,,not_found,no,,,
Hylophylax punctulatus,Ave,Lista Roja de las Aves del Ecuador 2019,,not_found,no,,,
Hypocnemis hypoxantha,Ave,Lista Roja de las Aves del Ecuador 2019,,not_found,no,,,
Hypocnemis peruviana,Ave,Lista Roja de las Aves del Ecuador 2019,,not_found,no,,,
Hypocnemoides melanopogon,Ave,Lista Roja de las Aves del Ecuador 2019,,not_found,no,,,
Ibycter americanus,Ave,Lista Roja de las Aves del Ecuador 2019,,not_found,no,,,
Icterus cayanensis,Ave,Lista Roja de las Aves del Ecuador 2019,,not_found,no,,,
Icterus chrysater,Ave,Lista Roja de las Aves del Ecuador 2019,,not_found,no,,,
Icterus croconotus,Ave,Lista Roja de las Aves del Ecuador 2019,,direct_model_species,yes,allowed,orange-backed troupial,25c0822c-080e-4917-a0dd-5cf80dfb4177;aves;passeriformes;icteridae;icterus;croconotus;orange-backed troupial
Icterus galbula,Ave,Lista Roja de las Aves del Ecuador 2019,,not_found,no,,,
Icterus graceannae,Ave,Lista Roja de las Aves del Ecuador 2019,,not_found,no,,,
Icterus mesomelas,Ave,Lista Roja de las Aves del Ecuador 2019,,not_found,no,,,
Ictinia mississippiensis,Ave,Lista Roja de las Aves del Ecuador 2019,,not_found,no,,,
Ictinia plumbea,Ave,Lista Roja de las Aves del Ecuador 2019,,direct_model_species,yes,allowed,plumbeous kite,c3e44f8d-4dd0-47d5-ae34-68854ee2b757;aves;accipitriformes;accipitridae;ictinia;plumbea;plumbeous kite
Indica que,Ave,Lista Roja de las Aves del Ecuador 2019,,not_found,no,,,
Internacional para,Ave,Lista Roja de las Aves del Ecuador 2019,,not_found,no,,,
International illustra- ted,Ave,Lista Roja de las Aves del Ecuador 2019,,not_found,no,,,
Iodopleura isabellae,Ave,Lista Roja de las Aves del Ecuador 2019,,not_found,no,,,
Iridophanes pulcherrimus,Ave,Lista Roja de las Aves del Ecuador 2019,,not_found,no,,,
Iridosornis analis,Ave,Lista Roja de las Aves del Ecuador 2019,,not_found,no,,,
Iridosornis porphyrocephalus,Ave,Lista Roja de las Aves del Ecuador 2019,,not_found,no,,,
Iridosornis rufivertex,Ave,Lista Roja de las Aves del Ecuador 2019,,not_found,no,,,
Isleria hauxwelli,Ave,Lista Roja de las Aves del Ecuador 2019,,not_found,no,,,
Ixobrychus exilis,Ave,Lista Roja de las Aves del Ecuador 2019,,direct_model_species,yes,allowed,least bittern,bc0ac9e4-2890-425a-a0d0-030f24820827;aves;pelecaniformes;ardeidae;ixobrychus;exilis;least bittern
Ixobrychus involucris,Ave,Lista Roja de las Aves del Ecuador 2019,,not_found,no,,,
Jabiru mycteria,Ave,Lista Roja de las Aves del Ecuador 2019,,direct_model_species,yes,allowed,jabiru,354ed939-9c08-49a4-a7cf-848f85e0e466;aves;ciconiiformes;ciconiidae;jabiru;mycteria;jabiru
Jacamerops aureus,Ave,Lista Roja de las Aves del Ecuador 2019,,not_found,no,,,
Jacana jacana,Ave,Lista Roja de las Aves del Ecuador 2019,,direct_model_species,yes,allowed,wattled jacana,d0451532-9460-426c-b060-e2640a68b618;aves;charadriiformes;jacanidae;jacana;jacana;wattled jacana
Klais guimeti,Ave,Lista Roja de las Aves del Ecuador 2019,,not_found,no,,,
Knipolegus orenocensis,Ave,Lista Roja de las Aves del Ecuador 2019,,not_found,no,,,
Knipolegus poecilocercus,Ave,Lista Roja de las Aves del Ecuador 2019,,not_found,no,,,
Knipolegus poecilurus,Ave,Lista Roja de las Aves del Ecuador 2019,,not_found,no,,,
Knipolegus signatus,Ave,Lista Roja de las Aves del Ecuador 2019,,not_found,no,,,
Lafresnaya lafresnayi,Ave,Lista Roja de las Aves del Ecuador 2019,,not_found,no,,,
Lampropsar tanagrinus,Ave,Lista Roja de las Aves del Ecuador 2019,,not_found,no,,,
Laniisoma elegans,Ave,Lista Roja de las Aves del Ecuador 2019,,not_found,no,,,
Lanio fulvus,Ave,Lista Roja de las Aves del Ecuador 2019,,not_found,no,,,
Laniocera hypopyrra,Ave,Lista Roja de las Aves del Ecuador 2019,,not_found,no,,,
Laniocera rufescens,Ave,Lista Roja de las Aves del Ecuador 2019,,not_found,no,,,
Larosterna inca,Ave,Lista Roja de las Aves del Ecuador 2019,,not_found,no,,,
Larus argentatus,Ave,Lista Roja de las Aves del Ecuador 2019,,direct_model_species,yes,allowed,goéland argenté,3f3d12c8-daf5-44e6-96e4-30d91083804e;aves;charadriiformes;laridae;larus;argentatus;goéland argenté
Larus belcheri,Ave,Lista Roja de las Aves del Ecuador 2019,,not_found,no,,,
Larus californicus,Ave,Lista Roja de las Aves del Ecuador 2019,,direct_model_species,yes,blocked by allow-list,california gull,7efde2aa-f8f5-46ce-8101-74f346904a5c;aves;charadriiformes;laridae;larus;californicus;california gull
Larus delawarensis,Ave,Lista Roja de las Aves del Ecuador 2019,,direct_model_species,yes,blocked by allow-list,ring-billed gull,963093c7-0731-4770-8f7f-d2396ffe1c0a;aves;charadriiformes;laridae;larus;delawarensis;ring-billed gull
Larus dominicanus,Ave,Lista Roja de las Aves del Ecuador 2019,,not_found,no,,,
Larus fuscus,Ave,Lista Roja de las Aves del Ecuador 2019,,direct_model_species,yes,allowed,lesser black-backed gull,c5734460-e8a4-4278-a86d-230f522aa03f;aves;charadriiformes;laridae;larus;fuscus;lesser black-backed gull
Larus glaucescens,Ave,Lista Roja de las Aves del Ecuador 2019,,not_found,no,,,
Las diferencias entre,Ave,Lista Roja de las Aves del Ecuador 2019,,not_found,no,,,
Las especies identificadas,Ave,Lista Roja de las Aves del Ecuador 2019,,not_found,no,,,
Las evaluaciones,Ave,Lista Roja de las Aves del Ecuador 2019,,not_found,no,,,
Las listas,Ave,Lista Roja de las Aves del Ecuador 2019,,not_found,no,,,
Las listas regionales,Ave,Lista Roja de las Aves del Ecuador 2019,,not_found,no,,,
Las listas rojas,Ave,Lista Roja de las Aves del Ecuador 2019,,not_found,no,,,
Las principales causas,Ave,Lista Roja de las Aves del Ecuador 2019,,not_found,no,,,
Las provincias con,Ave,Lista Roja de las Aves del Ecuador 2019,,not_found,no,,,
Laterallus albigularis,Ave,Lista Roja de las Aves del Ecuador 2019,,not_found,no,,,
Laterallus exilis,Ave,Lista Roja de las Aves del Ecuador 2019,,not_found,no,,,
Laterallus melanophaius,Ave,Lista Roja de las Aves del Ecuador 2019,,not_found,no,,,
Laterallus spilonota,Ave,Lista Roja de las Aves del Ecuador 2019,,not_found,no,,,
Lathrotriccus euleri,Ave,Lista Roja de las Aves del Ecuador 2019,,not_found,no,,,
Lathrotriccus griseipectus,Ave,Lista Roja de las Aves del Ecuador 2019,,not_found,no,,,
Legatus leucophaius,Ave,Lista Roja de las Aves del Ecuador 2019,,not_found,no,,,
Leiothlypis peregrina,Ave,Lista Roja de las Aves del Ecuador 2019,,not_found,no,,,
Lepidocolaptes duidae,Ave,Lista Roja de las Aves del Ecuador 2019,,not_found,no,,,
Lepidocolaptes lacrymiger,Ave,Lista Roja de las Aves del Ecuador 2019,,not_found,no,,,
Lepidocolaptes souleyetii,Ave,Lista Roja de las Aves del Ecuador 2019,,not_found,no,,,
Lepidothrix coronata,Ave,Lista Roja de las Aves del Ecuador 2019,,not_found,no,,,
Lepidothrix isidorei,Ave,Lista Roja de las Aves del Ecuador 2019,,not_found,no,,,
Leptasthenura andicola,Ave,Lista Roja de las Aves del Ecuador 2019,,not_found,no,,,
Leptodon cayanensis,Ave,Lista Roja de las Aves del Ecuador 2019,,not_found,no,,,
Leptopogon amaurocephalus,Ave,Lista Roja de las Aves del Ecuador 2019,,not_found,no,,,
Leptopogon rufipectus,Ave,Lista Roja de las Aves del Ecuador 2019,,not_found,no,,,
Leptopogon superciliaris,Ave,Lista Roja de las Aves del Ecuador 2019,,not_found,no,,,
Leptosittaca branickii,Ave,Lista Roja de las Aves del Ecuador 2019,,not_found,no,,,
Leptotila ochraceiventris,Ave,Lista Roja de las Aves del Ecuador 2019,,not_found,no,,,
Leptotila pallida,Ave,Lista Roja de las Aves del Ecuador 2019,,not_found,no,,,
Leptotila rufaxilla,Ave,Lista Roja de las Aves del Ecuador 2019,,direct_model_species,yes,allowed,grey-fronted dove,2709bc7f-b449-49a3-b857-9613fee1cf76;aves;columbiformes;columbidae;leptotila;rufaxilla;grey-fronted dove
Leptotila verreauxi,Ave,Lista Roja de las Aves del Ecuador 2019,,direct_model_species,yes,allowed,white-tipped dove,fc3d18ab-f1f6-4522-94ee-6b89c412820d;aves;columbiformes;columbidae;leptotila;verreauxi;white-tipped dove
Leptotrygon veraguensis,Ave,Lista Roja de las Aves del Ecuador 2019,,not_found,no,,,
Lesbia nuna,Ave,Lista Roja de las Aves del Ecuador 2019,,not_found,no,,,
Lesbia victoriae,Ave,Lista Roja de las Aves del Ecuador 2019,,not_found,no,,,
Leucippus baeri,Ave,Lista Roja de las Aves del Ecuador 2019,,not_found,no,,,
Leucippus chlorocercus,Ave,Lista Roja de las Aves del Ecuador 2019,,not_found,no,,,
Leucippus taczanowskii,Ave,Lista Roja de las Aves del Ecuador 2019,,not_found,no,,,
Leucophaeus atricilla,Ave,Lista Roja de las Aves del Ecuador 2019,,not_found,no,,,
Leucophaeus fuliginosus,Ave,Lista Roja de las Aves del Ecuador 2019,,not_found,no,,,
Leucophaeus modestus,Ave,Lista Roja de las Aves del Ecuador 2019,,not_found,no,,,
Leucophaeus pipixcan,Ave,Lista Roja de las Aves del Ecuador 2019,,not_found,no,,,
Leucopternis melanops,Ave,Lista Roja de las Aves del Ecuador 2019,,direct_model_species,yes,allowed,black-faced hawk,b167f150-e7d4-4ff1-935c-d3964a50000a;aves;accipitriformes;accipitridae;leucopternis;melanops;black-faced hawk
Leucopternis semiplumbeus,Ave,Lista Roja de las Aves del Ecuador 2019,,not_found,no,,,
Libro rojo,Ave,Lista Roja de las Aves del Ecuador 2019,,not_found,no,,,
Limnodromus griseus,Ave,Lista Roja de las Aves del Ecuador 2019,,not_found,no,,,
Limnodromus scolopaceus,Ave,Lista Roja de las Aves del Ecuador 2019,,direct_model_species,yes,blocked by allow-list,long-billed dowitcher,ce747ad7-5f1c-4e9f-baee-8e8e0759e6c2;aves;charadriiformes;scolopacidae;limnodromus;scolopaceus;long-billed dowitcher
Limosa fedoa,Ave,Lista Roja de las Aves del Ecuador 2019,,direct_model_species,yes,allowed,marbled godwit,53a9dfd7-c6e6-43fa-b64e-3879af098979;aves;charadriiformes;scolopacidae;limosa;fedoa;marbled godwit
Limosa haemastica,Ave,Lista Roja de las Aves del Ecuador 2019,,not_found,no,,,
Liosceles thoracicus,Ave,Lista Roja de las Aves del Ecuador 2019,,direct_model_species,yes,allowed,rusty-belted tapaculo,e89257e9-45fb-4d5e-a1ae-f856c69c5f3c;aves;passeriformes;rhinocryptidae;liosceles;thoracicus;rusty-belted tapaculo
Lipaugus fuscocinereus,Ave,Lista Roja de las Aves del Ecuador 2019,,not_found,no,,,
Lipaugus unirufus,Ave,Lista Roja de las Aves del Ecuador 2019,,not_found,no,,,
Lipaugus vociferans,Ave,Lista Roja de las Aves del Ecuador 2019,,not_found,no,,,
List criteria,Ave,Lista Roja de las Aves del Ecuador 2019,,not_found,no,,,
Lochmias nematura,Ave,Lista Roja de las Aves del Ecuador 2019,,not_found,no,,,
Lonchura malacca,Ave,Lista Roja de las Aves del Ecuador 2019,,not_found,no,,,
Lophornis chalybeus,Ave,Lista Roja de las Aves del Ecuador 2019,,not_found,no,,,
Lophornis delattrei,Ave,Lista Roja de las Aves del Ecuador 2019,,not_found,no,,,
Lophornis stictolophus,Ave,Lista Roja de las Aves del Ecuador 2019,,not_found,no,,,
Lophostrix cristata,Ave,Lista Roja de las Aves del Ecuador 2019,,not_found,no,,,
Lophotriccus pileatus,Ave,Lista Roja de las Aves del Ecuador 2019,,not_found,no,,,
Lophotriccus vitiosus,Ave,Lista Roja de las Aves del Ecuador 2019,,not_found,no,,,
Los datos,Ave,Lista Roja de las Aves del Ecuador 2019,,not_found,no,,,
Lurocalis rufiventris,Ave,Lista Roja de las Aves del Ecuador 2019,,not_found,no,,,
Lurocalis semitorquatus,Ave,Lista Roja de las Aves del Ecuador 2019,,not_found,no,,,
Machaeropterus deliciosus,Ave,Lista Roja de las Aves del Ecuador 2019,,not_found,no,,,
Machaeropterus regulus,Ave,Lista Roja de las Aves del Ecuador 2019,,not_found,no,,,
Machetornis rixosa,Ave,Lista Roja de las Aves del Ecuador 2019,,not_found,no,,,
Macronectes giganteus,Ave,Lista Roja de las Aves del Ecuador 2019,,not_found,no,,,
Malacoptila fulvogularis,Ave,Lista Roja de las Aves del Ecuador 2019,,direct_model_species,yes,allowed,black-streaked puffbird,b663d021-d545-40f6-b4db-55ae3abe3dd3;aves;piciformes;bucconidae;malacoptila;fulvogularis;black-streaked puffbird
Malacoptila fusca,Ave,Lista Roja de las Aves del Ecuador 2019,,not_found,no,,,
Malacoptila mystacalis,Ave,Lista Roja de las Aves del Ecuador 2019,,not_found,no,,,
Malacoptila panamensis,Ave,Lista Roja de las Aves del Ecuador 2019,,not_found,no,,,
Manacus manacus,Ave,Lista Roja de las Aves del Ecuador 2019,,not_found,no,,,
Margarornis squamiger,Ave,Lista Roja de las Aves del Ecuador 2019,,not_found,no,,,
Margarornis stellatus,Ave,Lista Roja de las Aves del Ecuador 2019,,not_found,no,,,
Masius chrysopterus,Ave,Lista Roja de las Aves del Ecuador 2019,,not_found,no,,,
Mecocerculus calopterus,Ave,Lista Roja de las Aves del Ecuador 2019,,not_found,no,,,
Mecocerculus leucophrys,Ave,Lista Roja de las Aves del Ecuador 2019,,not_found,no,,,
Mecocerculus minor,Ave,Lista Roja de las Aves del Ecuador 2019,,not_found,no,,,
Mecocerculus poecilocercus,Ave,Lista Roja de las Aves del Ecuador 2019,,not_found,no,,,
Mecocerculus stictopterus,Ave,Lista Roja de las Aves del Ecuador 2019,,not_found,no,,,
Megaceryle alcyon,Ave,Lista Roja de las Aves del Ecuador 2019,,direct_model_species,yes,allowed,belted kingfisher,eef88467-b894-4d0d-8a5a-4083eb78ea0f;aves;coraciiformes;alcedinidae;megaceryle;alcyon;belted kingfisher
Megaceryle torquata,Ave,Lista Roja de las Aves del Ecuador 2019,,direct_model_species,yes,allowed,ringed kingfisher,477943bb-3793-4368-906a-9e9802a46489;aves;coraciiformes;alcedinidae;megaceryle;torquata;ringed kingfisher
Megarynchus pitangua,Ave,Lista Roja de las Aves del Ecuador 2019,,not_found,no,,,
Megascops albogularis,Ave,Lista Roja de las Aves del Ecuador 2019,,not_found,no,,,
Megascops choliba,Ave,Lista Roja de las Aves del Ecuador 2019,,not_found,no,,,
Megascops colombianus,Ave,Lista Roja de las Aves del Ecuador 2019,,not_found,no,,,
Megascops guatemalae,Ave,Lista Roja de las Aves del Ecuador 2019,,direct_model_species,yes,allowed,middle american screech-owl,19cb4cb0-7a99-41cb-a962-1d7598a61173;aves;strigiformes;strigidae;megascops;guatemalae;middle american screech-owl
Megascops ingens,Ave,Lista Roja de las Aves del Ecuador 2019,,not_found,no,,,
Megascops koepckeae,Ave,Lista Roja de las Aves del Ecuador 2019,,not_found,no,,,
Megascops petersoni,Ave,Lista Roja de las Aves del Ecuador 2019,,not_found,no,,,
Megascops roboratus,Ave,Lista Roja de las Aves del Ecuador 2019,,not_found,no,,,
Megascops watsonii,Ave,Lista Roja de las Aves del Ecuador 2019,,not_found,no,,,
Megastictus margaritatus,Ave,Lista Roja de las Aves del Ecuador 2019,,not_found,no,,,
Melanerpes cruentatus,Ave,Lista Roja de las Aves del Ecuador 2019,,not_found,no,,,
Melanerpes pucherani,Ave,Lista Roja de las Aves del Ecuador 2019,,not_found,no,,,
Melanopareia elegans,Ave,Lista Roja de las Aves del Ecuador 2019,,not_found,no,,,
Melanopareia maranonica,Ave,Lista Roja de las Aves del Ecuador 2019,,not_found,no,,,
Merganetta armata,Ave,Lista Roja de las Aves del Ecuador 2019,,not_found,no,,,
Mesembrinibis cayennensis,Ave,Lista Roja de las Aves del Ecuador 2019,,direct_model_species,yes,allowed,green ibis,fc360b21-8b17-41a6-bade-c89f86c0b6ea;aves;pelecaniformes;threskiornithidae;mesembrinibis;cayennensis;green ibis
Metallura baroni,Ave,Lista Roja de las Aves del Ecuador 2019,,not_found,no,,,
Metallura odomae,Ave,Lista Roja de las Aves del Ecuador 2019,,not_found,no,,,
Metallura tyrianthina,Ave,Lista Roja de las Aves del Ecuador 2019,,not_found,no,,,
Metallura williami,Ave,Lista Roja de las Aves del Ecuador 2019,,not_found,no,,,
Metopothrix aurantiaca,Ave,Lista Roja de las Aves del Ecuador 2019,,not_found,no,,,
Metriopelia melanoptera,Ave,Lista Roja de las Aves del Ecuador 2019,,not_found,no,,,
Micrastur buckleyi,Ave,Lista Roja de las Aves del Ecuador 2019,,direct_model_species,yes,allowed,buckley's forest-falcon,5fc0ec72-b6a6-4b00-aff0-a40d05c9364c;aves;falconiformes;falconidae;micrastur;buckleyi;buckley's forest-falcon
Micrastur gilvicollis,Ave,Lista Roja de las Aves del Ecuador 2019,,direct_model_species,yes,allowed,lined forest-falcon,9cbe9494-fb17-4262-a103-d3b8a26ea0da;aves;falconiformes;falconidae;micrastur;gilvicollis;lined forest-falcon
Micrastur mirandollei,Ave,Lista Roja de las Aves del Ecuador 2019,,direct_model_species,yes,allowed,slaty-backed forest-falcon,f452b3d3-e117-4250-9c4d-42bf835eade0;aves;falconiformes;falconidae;micrastur;mirandollei;slaty-backed forest-falcon
Micrastur plumbeus,Ave,Lista Roja de las Aves del Ecuador 2019,,not_found,no,,,
Micrastur ruficollis,Ave,Lista Roja de las Aves del Ecuador 2019,,direct_model_species,yes,allowed,barred forest-falcon,63ad26e1-ba3a-4a0b-8750-e9b0fcbf401c;aves;falconiformes;falconidae;micrastur;ruficollis;barred forest-falcon
Micrastur semitorquatus,Ave,Lista Roja de las Aves del Ecuador 2019,,direct_model_species,yes,allowed,collared forest-falcon,392e1fb6-eb48-4526-8136-1173f079a1f8;aves;falconiformes;falconidae;micrastur;semitorquatus;collared forest-falcon
Microbates cinereiventris,Ave,Lista Roja de las Aves del Ecuador 2019,,not_found,no,,,
Microbates collaris,Ave,Lista Roja de las Aves del Ecuador 2019,,not_found,no,,,
Microcerculus bambla,Ave,Lista Roja de las Aves del Ecuador 2019,,not_found,no,,,
Microcerculus marginatus,Ave,Lista Roja de las Aves del Ecuador 2019,,not_found,no,,,
Micromonacha lanceolata,Ave,Lista Roja de las Aves del Ecuador 2019,,not_found,no,,,
Microrhopias quixensis,Ave,Lista Roja de las Aves del Ecuador 2019,,not_found,no,,,
Microxenops milleri,Ave,Lista Roja de las Aves del Ecuador 2019,,not_found,no,,,
Milvago chimachima,Ave,Lista Roja de las Aves del Ecuador 2019,,not_found,no,,,
Mimus gilvus,Ave,Lista Roja de las Aves del Ecuador 2019,,not_found,no,,,
Mimus longicaudatus,Ave,Lista Roja de las Aves del Ecuador 2019,,not_found,no,,,
Mimus macdonaldi,Ave,Lista Roja de las Aves del Ecuador 2019,,not_found,no,,,
Mimus melanotis,Ave,Lista Roja de las Aves del Ecuador 2019,,not_found,no,,,
Mimus parvulus,Ave,Lista Roja de las Aves del Ecuador 2019,,not_found,no,,,
Mimus trifasciatus,Ave,Lista Roja de las Aves del Ecuador 2019,,not_found,no,,,
Mionectes oleagineus,Ave,Lista Roja de las Aves del Ecuador 2019,,not_found,no,,,
Mionectes olivaceus,Ave,Lista Roja de las Aves del Ecuador 2019,,not_found,no,,,
Mionectes striaticollis,Ave,Lista Roja de las Aves del Ecuador 2019,,not_found,no,,,
Mitrephanes phaeocercus,Ave,Lista Roja de las Aves del Ecuador 2019,,not_found,no,,,
Mitrospingus cassinii,Ave,Lista Roja de las Aves del Ecuador 2019,,not_found,no,,,
Mitu salvini,Ave,Lista Roja de las Aves del Ecuador 2019,,direct_model_species,yes,allowed,salvin's curassow,d9880c5a-b487-4ef0-8e26-39b2b40a06b7;aves;galliformes;cracidae;mitu;salvini;salvin's curassow
Mniotilta varia,Ave,Lista Roja de las Aves del Ecuador 2019,,direct_model_species,yes,allowed,black-and-white warbler,50b5a8ef-65df-49b7-b317-d9a91323cc50;aves;passeriformes;parulidae;mniotilta;varia;black-and-white warbler
Molothrus bonariensis,Ave,Lista Roja de las Aves del Ecuador 2019,,direct_model_species,yes,allowed,shiny cowbird,71581a49-dee0-43fd-b218-9912b4542e60;aves;passeriformes;icteridae;molothrus;bonariensis;shiny cowbird
Molothrus oryzivorus,Ave,Lista Roja de las Aves del Ecuador 2019,,direct_model_species,yes,allowed,giant cowbird,0b0425ca-75bc-4bde-85c5-6d36c272d8a7;aves;passeriformes;icteridae;molothrus;oryzivorus;giant cowbird
Momotus aequatorialis,Ave,Lista Roja de las Aves del Ecuador 2019,,direct_model_species,yes,allowed,highland motmot,d25e1a04-601b-46cf-9238-bbb885e88223;aves;coraciiformes;momotidae;momotus;aequatorialis;highland motmot
Momotus momota,Ave,Lista Roja de las Aves del Ecuador 2019,,direct_model_species,yes,allowed,amazonian motmot,5e593440-cfe4-42e6-9b0a-cac047eade20;aves;coraciiformes;momotidae;momotus;momota;amazonian motmot
Momotus subrufescens,Ave,Lista Roja de las Aves del Ecuador 2019,,not_found,no,,,
Monasa flavirostris,Ave,Lista Roja de las Aves del Ecuador 2019,,not_found,no,,,
Monasa morphoeus,Ave,Lista Roja de las Aves del Ecuador 2019,,direct_model_species,yes,allowed,white-fronted nunbird,28ab67ca-f16f-425b-afc2-d5fb2841e111;aves;piciformes;bucconidae;monasa;morphoeus;white-fronted nunbird
Monasa nigrifrons,Ave,Lista Roja de las Aves del Ecuador 2019,,direct_model_species,yes,allowed,black-fronted nunbird,9daa3efc-5391-4d56-9ddd-559532807309;aves;piciformes;bucconidae;monasa;nigrifrons;black-fronted nunbird
Morphnarchus princeps,Ave,Lista Roja de las Aves del Ecuador 2019,,not_found,no,,,
Morphnus guianensis,Ave,Lista Roja de las Aves del Ecuador 2019,,direct_model_species,yes,allowed,crested eagle,90b95e45-d06a-4268-8842-631075f7ba90;aves;accipitriformes;accipitridae;morphnus;guianensis;crested eagle
Morus capensis,Ave,Lista Roja de las Aves del Ecuador 2019,,not_found,no,,,
Muscigralla brevicauda,Ave,Lista Roja de las Aves del Ecuador 2019,,not_found,no,,,
Muscisaxicola albilora,Ave,Lista Roja de las Aves del Ecuador 2019,,not_found,no,,,
Muscisaxicola alpinus,Ave,Lista Roja de las Aves del Ecuador 2019,,not_found,no,,,
Muscisaxicola fluviatilis,Ave,Lista Roja de las Aves del Ecuador 2019,,not_found,no,,,
Muscisaxicola maclovianus,Ave,Lista Roja de las Aves del Ecuador 2019,,direct_model_species,yes,blocked by allow-list,dark-faced ground-tyrant,59e7a4f6-19f5-4f70-b972-39739fa936fc;aves;passeriformes;tyrannidae;muscisaxicola;maclovianus;dark-faced ground-tyrant
Muscisaxicola maculirostris,Ave,Lista Roja de las Aves del Ecuador 2019,,not_found,no,,,
Mustelirallus colombianus,Ave,Lista Roja de las Aves del Ecuador 2019,,not_found,no,,,
Mustelirallus erythrops,Ave,Lista Roja de las Aves del Ecuador 2019,,not_found,no,,,
Myadestes ralloides,Ave,Lista Roja de las Aves del Ecuador 2019,,direct_model_species,yes,allowed,andean solitaire,15646980-1f12-4f86-aca3-54f13f47b062;aves;passeriformes;turdidae;myadestes;ralloides;andean solitaire
Mycteria americana,Ave,Lista Roja de las Aves del Ecuador 2019,,direct_model_species,yes,allowed,wood stork,58058db8-7200-4071-8c7d-1c0bbe2a77cf;aves;ciconiiformes;ciconiidae;mycteria;americana;wood stork
Myiarchus cephalotes,Ave,Lista Roja de las Aves del Ecuador 2019,,not_found,no,,,
Myiarchus crinitus,Ave,Lista Roja de las Aves del Ecuador 2019,,direct_model_species,yes,blocked by allow-list,great crested flycatcher,dbedb5aa-aa0e-48d9-8005-1795f5da557c;aves;passeriformes;tyrannidae;myiarchus;crinitus;great crested flycatcher
Myiarchus ferox,Ave,Lista Roja de las Aves del Ecuador 2019,,not_found,no,,,
Myiarchus magnirostris,Ave,Lista Roja de las Aves del Ecuador 2019,,not_found,no,,,
Myiarchus panamensis,Ave,Lista Roja de las Aves del Ecuador 2019,,not_found,no,,,
Myiarchus phaeocephalus,Ave,Lista Roja de las Aves del Ecuador 2019,,not_found,no,,,
Myiarchus swainsoni,Ave,Lista Roja de las Aves del Ecuador 2019,,not_found,no,,,
Myiarchus tuberculifer,Ave,Lista Roja de las Aves del Ecuador 2019,,not_found,no,,,
Myiarchus tyrannulus,Ave,Lista Roja de las Aves del Ecuador 2019,,not_found,no,,,
Myiobius atricaudus,Ave,Lista Roja de las Aves del Ecuador 2019,,not_found,no,,,
Myiobius barbatus,Ave,Lista Roja de las Aves del Ecuador 2019,,not_found,no,,,
Myiobius villosus,Ave,Lista Roja de las Aves del Ecuador 2019,,not_found,no,,,
Myioborus melanocephalus,Ave,Lista Roja de las Aves del Ecuador 2019,,not_found,no,,,
Myioborus miniatus,Ave,Lista Roja de las Aves del Ecuador 2019,,not_found,no,,,
Myiodynastes bairdii,Ave,Lista Roja de las Aves del Ecuador 2019,,not_found,no,,,
Myiodynastes chrysocephalus,Ave,Lista Roja de las Aves del Ecuador 2019,,not_found,no,,,
Myiodynastes luteiventris,Ave,Lista Roja de las Aves del Ecuador 2019,,not_found,no,,,
Myiodynastes maculatus,Ave,Lista Roja de las Aves del Ecuador 2019,,not_found,no,,,
Myiopagis caniceps,Ave,Lista Roja de las Aves del Ecuador 2019,,not_found,no,,,
Myiopagis flavivertex,Ave,Lista Roja de las Aves del Ecuador 2019,,not_found,no,,,
Myiopagis gaimardii,Ave,Lista Roja de las Aves del Ecuador 2019,,not_found,no,,,
Myiopagis olallai,Ave,Lista Roja de las Aves del Ecuador 2019,,not_found,no,,,
Myiopagis subplacens,Ave,Lista Roja de las Aves del Ecuador 2019,,not_found,no,,,
Myiopagis viridicata,Ave,Lista Roja de las Aves del Ecuador 2019,,not_found,no,,,
Myiophobus cryptoxanthus,Ave,Lista Roja de las Aves del Ecuador 2019,,not_found,no,,,
Myiophobus fasciatus,Ave,Lista Roja de las Aves del Ecuador 2019,,not_found,no,,,
Myiophobus flavicans,Ave,Lista Roja de las Aves del Ecuador 2019,,not_found,no,,,
Myiophobus phoenicomitra,Ave,Lista Roja de las Aves del Ecuador 2019,,not_found,no,,,
Myiophobus roraimae,Ave,Lista Roja de las Aves del Ecuador 2019,,not_found,no,,,
Myiornis albiventris,Ave,Lista Roja de las Aves del Ecuador 2019,,not_found,no,,,
Myiornis atricapillus,Ave,Lista Roja de las Aves del Ecuador 2019,,not_found,no,,,
Myiornis ecaudatus,Ave,Lista Roja de las Aves del Ecuador 2019,,not_found,no,,,
Myiotheretes fumigatus,Ave,Lista Roja de las Aves del Ecuador 2019,,not_found,no,,,
Myiotheretes striaticollis,Ave,Lista Roja de las Aves del Ecuador 2019,,not_found,no,,,
Myiothlypis chrysogaster,Ave,Lista Roja de las Aves del Ecuador 2019,,not_found,no,,,
Myiothlypis coronata,Ave,Lista Roja de las Aves del Ecuador 2019,,direct_model_species,yes,allowed,russet-crowned warbler,56d6b29c-1ae3-4f51-a54f-ada3caa68992;aves;passeriformes;parulidae;myiothlypis;coronata;russet-crowned warbler
Myiothlypis fraseri,Ave,Lista Roja de las Aves del Ecuador 2019,,not_found,no,,,
Myiothlypis fulvicauda,Ave,Lista Roja de las Aves del Ecuador 2019,,not_found,no,,,
Myiothlypis luteoviridis,Ave,Lista Roja de las Aves del Ecuador 2019,,not_found,no,,,
Myiothlypis nigrocristata,Ave,Lista Roja de las Aves del Ecuador 2019,,not_found,no,,,
Myiotriccus ornatus,Ave,Lista Roja de las Aves del Ecuador 2019,,not_found,no,,,
Myiozetetes cayanensis,Ave,Lista Roja de las Aves del Ecuador 2019,,not_found,no,,,
Myiozetetes granadensis,Ave,Lista Roja de las Aves del Ecuador 2019,,not_found,no,,,
Myiozetetes luteiventris,Ave,Lista Roja de las Aves del Ecuador 2019,,not_found,no,,,
Myiozetetes similis,Ave,Lista Roja de las Aves del Ecuador 2019,,not_found,no,,,
Myornis senilis,Ave,Lista Roja de las Aves del Ecuador 2019,,not_found,no,,,
Myrmeciza atrothorax,Ave,Lista Roja de las Aves del Ecuador 2019,,not_found,no,,,
Myrmeciza berlepschi,Ave,Lista Roja de las Aves del Ecuador 2019,,not_found,no,,,
Myrmeciza castanea,Ave,Lista Roja de las Aves del Ecuador 2019,,not_found,no,,,
Myrmeciza exsul,Ave,Lista Roja de las Aves del Ecuador 2019,,not_found,no,,,
Myrmeciza fortis,Ave,Lista Roja de las Aves del Ecuador 2019,,not_found,no,,,
Myrmeciza griseiceps,Ave,Lista Roja de las Aves del Ecuador 2019,,not_found,no,,,
Myrmeciza hyperythra,Ave,Lista Roja de las Aves del Ecuador 2019,,not_found,no,,,
Myrmeciza melanoceps,Ave,Lista Roja de las Aves del Ecuador 2019,,not_found,no,,,
Myrmeciza nigricauda,Ave,Lista Roja de las Aves del Ecuador 2019,,not_found,no,,,
Myrmeciza zeledoni,Ave,Lista Roja de las Aves del Ecuador 2019,,not_found,no,,,
Myrmia micrura,Ave,Lista Roja de las Aves del Ecuador 2019,,not_found,no,,,
Myrmoborus leucophrys,Ave,Lista Roja de las Aves del Ecuador 2019,,not_found,no,,,
Myrmoborus lugubris,Ave,Lista Roja de las Aves del Ecuador 2019,,not_found,no,,,
Myrmoborus myotherinus,Ave,Lista Roja de las Aves del Ecuador 2019,,direct_model_species,yes,allowed,black-faced antbird,a2fc6ad3-0af1-4657-af6c-8d251eaa936f;aves;passeriformes;thamnophilidae;myrmoborus;myotherinus;black-faced antbird
Myrmochanes hemileucus,Ave,Lista Roja de las Aves del Ecuador 2019,,not_found,no,,,
Myrmornis torquata,Ave,Lista Roja de las Aves del Ecuador 2019,,direct_model_species,yes,allowed,southern wing-banded antbird,4986de90-3556-48f0-b34a-295f96c56096;aves;passeriformes;thamnophilidae;myrmornis;torquata;southern wing-banded antbird
Myrmothera campanisona,Ave,Lista Roja de las Aves del Ecuador 2019,,direct_model_species,yes,allowed,thrush-like antpitta,af96130a-1b04-45bc-bb10-a6e18a21247e;aves;passeriformes;grallariidae;myrmothera;campanisona;thrush-like antpitta
Myrmotherula axillaris,Ave,Lista Roja de las Aves del Ecuador 2019,,not_found,no,,,
Myrmotherula behni,Ave,Lista Roja de las Aves del Ecuador 2019,,not_found,no,,,
Myrmotherula brachyura,Ave,Lista Roja de las Aves del Ecuador 2019,,not_found,no,,,
Myrmotherula ignota,Ave,Lista Roja de las Aves del Ecuador 2019,,not_found,no,,,
Myrmotherula longicauda,Ave,Lista Roja de las Aves del Ecuador 2019,,not_found,no,,,
Myrmotherula longipennis,Ave,Lista Roja de las Aves del Ecuador 2019,,not_found,no,,,
Myrmotherula menetriesii,Ave,Lista Roja de las Aves del Ecuador 2019,,not_found,no,,,
Myrmotherula multostriata,Ave,Lista Roja de las Aves del Ecuador 2019,,not_found,no,,,
Myrmotherula pacifica,Ave,Lista Roja de las Aves del Ecuador 2019,,not_found,no,,,
Myrmotherula schisticolor,Ave,Lista Roja de las Aves del Ecuador 2019,,not_found,no,,,
Myrmotherula sunensis,Ave,Lista Roja de las Aves del Ecuador 2019,,not_found,no,,,
Myrtis fanny,Ave,Lista Roja de las Aves del Ecuador 2019,,not_found,no,,,
Nasica longirostris,Ave,Lista Roja de las Aves del Ecuador 2019,,not_found,no,,,
Neoctantes niger,Ave,Lista Roja de las Aves del Ecuador 2019,,direct_model_species,yes,allowed,black bushbird,11d2d14f-2ccd-40f0-9592-c9b1517f04b8;aves;passeriformes;thamnophilidae;neoctantes;niger;black bushbird
Neomorphus geoffroyi,Ave,Lista Roja de las Aves del Ecuador 2019,,direct_model_species,yes,allowed,rufous-vented ground-cuckoo,c685ddde-02d6-4714-8409-1501d0ef4a8a;aves;cuculiformes;cuculidae;neomorphus;geoffroyi;rufous-vented ground-cuckoo
Neomorphus pucheranii,Ave,Lista Roja de las Aves del Ecuador 2019,,not_found,no,,,
Neomorphus radiolosus,Ave,Lista Roja de las Aves del Ecuador 2019,,not_found,no,,,
Neopipo cinnamomea,Ave,Lista Roja de las Aves del Ecuador 2019,,not_found,no,,,
Neotropical ornithology,Ave,Lista Roja de las Aves del Ecuador 2019,,not_found,no,,,
Nephelomyias lintoni,Ave,Lista Roja de las Aves del Ecuador 2019,,not_found,no,,,
Nephelomyias pulcher,Ave,Lista Roja de las Aves del Ecuador 2019,,not_found,no,,,
Netta erythrophthalma,Ave,Lista Roja de las Aves del Ecuador 2019,,not_found,no,,,
Nomonyx dominicus,Ave,Lista Roja de las Aves del Ecuador 2019,,not_found,no,,,
Nonnula brunnea,Ave,Lista Roja de las Aves del Ecuador 2019,,not_found,no,,,
Nonnula rubecula,Ave,Lista Roja de las Aves del Ecuador 2019,,not_found,no,,,
Notharchus hyperrhynchus,Ave,Lista Roja de las Aves del Ecuador 2019,,not_found,no,,,
Notharchus pectoralis,Ave,Lista Roja de las Aves del Ecuador 2019,,not_found,no,,,
Notharchus tectus,Ave,Lista Roja de las Aves del Ecuador 2019,,not_found,no,,,
Nothocercus bonapartei,Ave,Lista Roja de las Aves del Ecuador 2019,,direct_model_species,yes,allowed,highland tinamou,4d31662f-c763-4bb5-8be8-043cd4ed218b;aves;struthioniformes;tinamidae;nothocercus;bonapartei;highland tinamou
Nothocercus julius,Ave,Lista Roja de las Aves del Ecuador 2019,,direct_model_species,yes,allowed,tawny-breasted tinamou,835d96c3-25b2-4f68-a32c-48cc2bceb0f3;aves;struthioniformes;tinamidae;nothocercus;julius;tawny-breasted tinamou
Nothocrax urumutum,Ave,Lista Roja de las Aves del Ecuador 2019,,direct_model_species,yes,allowed,nocturnal curassow,6c112b2c-b427-4b7e-8f11-b720c989abf3;aves;galliformes;cracidae;nothocrax;urumutum;nocturnal curassow
Nothoprocta curvirostris,Ave,Lista Roja de las Aves del Ecuador 2019,,not_found,no,,,
Nothoprocta pentlandii,Ave,Lista Roja de las Aves del Ecuador 2019,,not_found,no,,,
Numenius americanus,Ave,Lista Roja de las Aves del Ecuador 2019,,direct_model_species,yes,blocked by allow-list,long-billed curlew,d6f7b6d2-8aac-4093-9b23-edf415457027;aves;charadriiformes;scolopacidae;numenius;americanus;long-billed curlew
Numenius phaeopus,Ave,Lista Roja de las Aves del Ecuador 2019,,not_found,no,,,
Nyctanassa violacea,Ave,Lista Roja de las Aves del Ecuador 2019,,direct_model_species,yes,allowed,yellow-crowned night-heron,ad05b76c-8b77-4892-89eb-38d6c46d02d1;aves;pelecaniformes;ardeidae;nyctanassa;violacea;yellow-crowned night-heron
Nyctanassa violacea pauper,Ave,Lista Roja de las Aves del Ecuador 2019,,binomial_model_species,yes,allowed,yellow-crowned night-heron,ad05b76c-8b77-4892-89eb-38d6c46d02d1;aves;pelecaniformes;ardeidae;nyctanassa;violacea;yellow-crowned night-heron
Nyctibius aethereus,Ave,Lista Roja de las Aves del Ecuador 2019,,not_found,no,,,
Nyctibius bracteatus,Ave,Lista Roja de las Aves del Ecuador 2019,,not_found,no,,,
Nyctibius grandis,Ave,Lista Roja de las Aves del Ecuador 2019,,not_found,no,,,
Nyctibius griseus,Ave,Lista Roja de las Aves del Ecuador 2019,,not_found,no,,,
Nyctibius maculosus,Ave,Lista Roja de las Aves del Ecuador 2019,,not_found,no,,,
Nycticorax nycticorax,Ave,Lista Roja de las Aves del Ecuador 2019,,direct_model_species,yes,allowed,black-crowned night-heron,2f59b4c2-2f9e-4c37-a201-42fdb64184e2;aves;pelecaniformes;ardeidae;nycticorax;nycticorax;black-crowned night-heron
Nyctidromus albicollis,Ave,Lista Roja de las Aves del Ecuador 2019,,direct_model_species,yes,allowed,pauraque,2123d71f-bb59-4e38-b6cf-a6872c48573c;aves;caprimulgiformes;caprimulgidae;nyctidromus;albicollis;pauraque
Nyctidromus anthonyi,Ave,Lista Roja de las Aves del Ecuador 2019,,not_found,no,,,
Nyctiphrynus ocellatus,Ave,Lista Roja de las Aves del Ecuador 2019,,not_found,no,,,
Nyctiphrynus rosenbergi,Ave,Lista Roja de las Aves del Ecuador 2019,,not_found,no,,,
Nyctipolus nigrescens,Ave,Lista Roja de las Aves del Ecuador 2019,,not_found,no,,,
Nyctiprogne leucopyga,Ave,Lista Roja de las Aves del Ecuador 2019,,not_found,no,,,
Nystalus radiatus,Ave,Lista Roja de las Aves del Ecuador 2019,,not_found,no,,,
Nystalus striolatus,Ave,Lista Roja de las Aves del Ecuador 2019,,not_found,no,,,
Oceanites gracilis,Ave,Lista Roja de las Aves del Ecuador 2019,,not_found,no,,,
Oceanites gracilis galapagoensis,Ave,Lista Roja de las Aves del Ecuador 2019,,not_found,no,,,
Oceanites oceanicus,Ave,Lista Roja de las Aves del Ecuador 2019,,not_found,no,,,
Oceanodroma castro,Ave,Lista Roja de las Aves del Ecuador 2019,,not_found,no,,,
Oceanodroma homochroa,Ave,Lista Roja de las Aves del Ecuador 2019,,not_found,no,,,
Oceanodroma hornbyi,Ave,Lista Roja de las Aves del Ecuador 2019,,not_found,no,,,
Oceanodroma leucorhoa,Ave,Lista Roja de las Aves del Ecuador 2019,,not_found,no,,,
Oceanodroma markhami,Ave,Lista Roja de las Aves del Ecuador 2019,,not_found,no,,,
Oceanodroma melania,Ave,Lista Roja de las Aves del Ecuador 2019,,not_found,no,,,
Oceanodroma microsoma,Ave,Lista Roja de las Aves del Ecuador 2019,,not_found,no,,,
Oceanodroma tethys,Ave,Lista Roja de las Aves del Ecuador 2019,,not_found,no,,,
Oceanodroma tethys tethys,Ave,Lista Roja de las Aves del Ecuador 2019,,not_found,no,,,
Ochthoeca cinnamomeiventris,Ave,Lista Roja de las Aves del Ecuador 2019,,not_found,no,,,
Ochthoeca diadema,Ave,Lista Roja de las Aves del Ecuador 2019,,not_found,no,,,
Ochthoeca frontalis,Ave,Lista Roja de las Aves del Ecuador 2019,,not_found,no,,,
Ochthoeca fumicolor,Ave,Lista Roja de las Aves del Ecuador 2019,,not_found,no,,,
Ochthoeca jelskii,Ave,Lista Roja de las Aves del Ecuador 2019,,not_found,no,,,
Ochthoeca leucophrys,Ave,Lista Roja de las Aves del Ecuador 2019,,not_found,no,,,
Ochthoeca rufipectoralis,Ave,Lista Roja de las Aves del Ecuador 2019,,not_found,no,,,
Ochthornis littoralis,Ave,Lista Roja de las Aves del Ecuador 2019,,not_found,no,,,
Ocreatus underwoodii,Ave,Lista Roja de las Aves del Ecuador 2019,,not_found,no,,,
Odontophorus erythrops,Ave,Lista Roja de las Aves del Ecuador 2019,,direct_model_species,yes,allowed,rufous-fronted wood-quail,a23759e7-93b3-4db2-90df-4346c7c5ec5c;aves;galliformes;odontophoridae;odontophorus;erythrops;rufous-fronted wood-quail
Odontophorus gujanensis,Ave,Lista Roja de las Aves del Ecuador 2019,,direct_model_species,yes,allowed,marbled wood-quail,2e27888e-c1cd-401b-a595-1888738ce293;aves;galliformes;odontophoridae;odontophorus;gujanensis;marbled wood-quail
Odontophorus melanonotus,Ave,Lista Roja de las Aves del Ecuador 2019,,not_found,no,,,
Odontophorus speciosus,Ave,Lista Roja de las Aves del Ecuador 2019,,direct_model_species,yes,allowed,rufous-breasted wood-quail,a7ac236e-bf9c-4582-ac0e-01dcbd244240;aves;galliformes;odontophoridae;odontophorus;speciosus;rufous-breasted wood-quail
Odontophorus stellatus,Ave,Lista Roja de las Aves del Ecuador 2019,,direct_model_species,yes,allowed,starred wood-quail,f3c986f4-8ba1-4782-9945-68462ffcd1df;aves;galliformes;odontophoridae;odontophorus;stellatus;starred wood-quail
Odontorchilus branickii,Ave,Lista Roja de las Aves del Ecuador 2019,,not_found,no,,,
Ognorhynchus icterotis,Ave,Lista Roja de las Aves del Ecuador 2019,,not_found,no,,,
Onychoprion anaethetus,Ave,Lista Roja de las Aves del Ecuador 2019,,not_found,no,,,
Onychoprion fuscatus crissalis,Ave,Lista Roja de las Aves del Ecuador 2019,,not_found,no,,,
Onychorhynchus coronatus,Ave,Lista Roja de las Aves del Ecuador 2019,,not_found,no,,,
Opisthocomus hoazin,Ave,Lista Roja de las Aves del Ecuador 2019,,not_found,no,,,
Opisthoprora euryptera,Ave,Lista Roja de las Aves del Ecuador 2019,,not_found,no,,,
Oporornis agilis,Ave,Lista Roja de las Aves del Ecuador 2019,,not_found,no,,,
Oreomanes fraseri,Ave,Lista Roja de las Aves del Ecuador 2019,,not_found,no,,,
Oreopholus ruficollis,Ave,Lista Roja de las Aves del Ecuador 2019,,not_found,no,,,
Oreothraupis arremonops,Ave,Lista Roja de las Aves del Ecuador 2019,,not_found,no,,,
Oreotrochilus chimborazo,Ave,Lista Roja de las Aves del Ecuador 2019,,not_found,no,,,
Oreotrochilus cyanolaemus,Ave,Lista Roja de las Aves del Ecuador 2019,,not_found,no,,,
Oreotrochilus estella,Ave,Lista Roja de las Aves del Ecuador 2019,,not_found,no,,,
Oressochen jubatus,Ave,Lista Roja de las Aves del Ecuador 2019,,not_found,no,,,
Ornithion brunneicapillus,Ave,Lista Roja de las Aves del Ecuador 2019,,not_found,no,,,
Ornithion inerme,Ave,Lista Roja de las Aves del Ecuador 2019,,not_found,no,,,
Orochelidon flavipes,Ave,Lista Roja de las Aves del Ecuador 2019,,not_found,no,,,
Orochelidon murina,Ave,Lista Roja de las Aves del Ecuador 2019,,not_found,no,,,
Ortalis erythroptera,Ave,Lista Roja de las Aves del Ecuador 2019,,not_found,no,,,
Ortalis guttata,Ave,Lista Roja de las Aves del Ecuador 2019,,direct_model_species,yes,allowed,speckled chachalaca,1d142c89-bc4e-4314-a638-18bbdfb51359;aves;galliformes;cracidae;ortalis;guttata;speckled chachalaca
Orthopsittaca manilatus,Ave,Lista Roja de las Aves del Ecuador 2019,,not_found,no,,,
Ortiz durante,Ave,Lista Roja de las Aves del Ecuador 2019,,not_found,no,,,
Oxyruncus cristatus,Ave,Lista Roja de las Aves del Ecuador 2019,,not_found,no,,,
Oxyura jamaicensis,Ave,Lista Roja de las Aves del Ecuador 2019,,not_found,no,,,
Pachyptila desolata,Ave,Lista Roja de las Aves del Ecuador 2019,,not_found,no,,,
Pachyramphus albogriseus,Ave,Lista Roja de las Aves del Ecuador 2019,,not_found,no,,,
Pachyramphus castaneus,Ave,Lista Roja de las Aves del Ecuador 2019,,not_found,no,,,
Pachyramphus cinnamomeus,Ave,Lista Roja de las Aves del Ecuador 2019,,not_found,no,,,
Pachyramphus homochrous,Ave,Lista Roja de las Aves del Ecuador 2019,,not_found,no,,,
Pachyramphus marginatus,Ave,Lista Roja de las Aves del Ecuador 2019,,not_found,no,,,
Pachyramphus minor,Ave,Lista Roja de las Aves del Ecuador 2019,,not_found,no,,,
Pachyramphus polychopterus,Ave,Lista Roja de las Aves del Ecuador 2019,,not_found,no,,,
Pachyramphus spodiurus,Ave,Lista Roja de las Aves del Ecuador 2019,,not_found,no,,,
Pachyramphus versicolor,Ave,Lista Roja de las Aves del Ecuador 2019,,not_found,no,,,
Pachyramphus viridis,Ave,Lista Roja de las Aves del Ecuador 2019,,not_found,no,,,
Pachysylvia decurtata,Ave,Lista Roja de las Aves del Ecuador 2019,,not_found,no,,,
Pachysylvia hypoxantha,Ave,Lista Roja de las Aves del Ecuador 2019,,not_found,no,,,
Pachysylvia semibrunnea,Ave,Lista Roja de las Aves del Ecuador 2019,,not_found,no,,,
Pandion haliaetus,Ave,Lista Roja de las Aves del Ecuador 2019,,not_found,no,,,
Panyptila cayennensis,Ave,Lista Roja de las Aves del Ecuador 2019,,not_found,no,,,
Para las especies,Ave,Lista Roja de las Aves del Ecuador 2019,,not_found,no,,,
Parabuteo leucorrhous,Ave,Lista Roja de las Aves del Ecuador 2019,,not_found,no,,,
Parabuteo unicinctus,Ave,Lista Roja de las Aves del Ecuador 2019,,direct_model_species,yes,allowed,harris's hawk,c3a59a31-c87a-469b-9eda-a1318119870d;aves;accipitriformes;accipitridae;parabuteo;unicinctus;harris's hawk
Pardirallus maculatus,Ave,Lista Roja de las Aves del Ecuador 2019,,not_found,no,,,
Pardirallus nigricans,Ave,Lista Roja de las Aves del Ecuador 2019,,not_found,no,,,
Pardirallus sanguinolentus,Ave,Lista Roja de las Aves del Ecuador 2019,,not_found,no,,,
Parkerthraustes humeralis,Ave,Lista Roja de las Aves del Ecuador 2019,,not_found,no,,,
Parkesia noveboracensis,Ave,Lista Roja de las Aves del Ecuador 2019,,not_found,no,,,
Paroaria gularis,Ave,Lista Roja de las Aves del Ecuador 2019,,not_found,no,,,
Passer domesticus,Ave,Lista Roja de las Aves del Ecuador 2019,,direct_model_species,yes,allowed,house sparrow,fcf9131d-f0b5-4d5c-ad6e-405a59071edc;aves;passeriformes;passeridae;passer;domesticus;house sparrow
Passerellidae solo subespecie,Ave,Lista Roja de las Aves del Ecuador 2019,,not_found,no,,,
Passerina caerulea,Ave,Lista Roja de las Aves del Ecuador 2019,,direct_model_species,yes,blocked by allow-list,blue grosbeak,89f17afb-fc00-4f9c-a2e1-69e22aada406;aves;passeriformes;cardinalidae;passerina;caerulea;blue grosbeak
Passerina cyanea,Ave,Lista Roja de las Aves del Ecuador 2019,,not_found,no,,,
Patagioenas cayennensis,Ave,Lista Roja de las Aves del Ecuador 2019,,direct_model_species,yes,allowed,pale-vented pigeon,2004c0b5-c89a-48a6-a9b8-7361ce5b2ccc;aves;columbiformes;columbidae;patagioenas;cayennensis;pale-vented pigeon
Patagioenas fasciata,Ave,Lista Roja de las Aves del Ecuador 2019,,direct_model_species,yes,allowed,northern band-tailed pigeon,9dd163d5-ae08-47e9-a812-edfc5c7564b9;aves;columbiformes;columbidae;patagioenas;fasciata;northern band-tailed pigeon
Patagioenas goodsoni,Ave,Lista Roja de las Aves del Ecuador 2019,,not_found,no,,,
Patagioenas oenops,Ave,Lista Roja de las Aves del Ecuador 2019,,not_found,no,,,
Patagioenas plumbea,Ave,Lista Roja de las Aves del Ecuador 2019,,direct_model_species,yes,allowed,plumbeous pigeon,33bf308d-e734-43cd-8277-8352490734ae;aves;columbiformes;columbidae;patagioenas;plumbea;plumbeous pigeon
Patagioenas speciosa,Ave,Lista Roja de las Aves del Ecuador 2019,,direct_model_species,yes,allowed,scaled pigeon,08eea655-dd99-410e-a0e7-81e210106918;aves;columbiformes;columbidae;patagioenas;speciosa;scaled pigeon
Patagioenas subvinacea,Ave,Lista Roja de las Aves del Ecuador 2019,,not_found,no,,,
Patagona gigas,Ave,Lista Roja de las Aves del Ecuador 2019,,not_found,no,,,
Pelagodroma marina,Ave,Lista Roja de las Aves del Ecuador 2019,,not_found,no,,,
Pelecanus occidentalis,Ave,Lista Roja de las Aves del Ecuador 2019,,not_found,no,,,
Pelecanus occidentalis urinator,Ave,Lista Roja de las Aves del Ecuador 2019,,not_found,no,,,
Pelecanus thagus,Ave,Lista Roja de las Aves del Ecuador 2019,,not_found,no,,,
Penelope barbata,Ave,Lista Roja de las Aves del Ecuador 2019,,direct_model_species,yes,allowed,bearded guan,29fcca3f-5638-4f5a-a41e-f94429c8a393;aves;galliformes;cracidae;penelope;barbata;bearded guan
Penelope jacquacu,Ave,Lista Roja de las Aves del Ecuador 2019,,direct_model_species,yes,allowed,spix's guan,6071f8bb-793d-45f5-9013-8668014e86e3;aves;galliformes;cracidae;penelope;jacquacu;spix's guan
Penelope montagnii,Ave,Lista Roja de las Aves del Ecuador 2019,,direct_model_species,yes,allowed,andean guan,dd664b5d-f909-4c5a-88c2-0e86eeaa48cd;aves;galliformes;cracidae;penelope;montagnii;andean guan
Penelope ortoni,Ave,Lista Roja de las Aves del Ecuador 2019,,direct_model_species,yes,allowed,baudo guan,ab1db1f1-56f2-4ae4-a521-26236736115e;aves;galliformes;cracidae;penelope;ortoni;baudo guan
Penelope purpurascens,Ave,Lista Roja de las Aves del Ecuador 2019,,direct_model_species,yes,allowed,crested guan,a3ae05b8-c9f9-423b-b0c3-0c99243d184d;aves;galliformes;cracidae;penelope;purpurascens;crested guan
Petrochelidon pyrrhonota,Ave,Lista Roja de las Aves del Ecuador 2019,,not_found,no,,,
Petrochelidon rufocollaris,Ave,Lista Roja de las Aves del Ecuador 2019,,not_found,no,,,
Phacellodomus rufifrons,Ave,Lista Roja de las Aves del Ecuador 2019,,not_found,no,,,
Phaenostictus mcleannani,Ave,Lista Roja de las Aves del Ecuador 2019,,not_found,no,,,
Phaeomyias murina,Ave,Lista Roja de las Aves del Ecuador 2019,,not_found,no,,,
Phaethon aethereus,Ave,Lista Roja de las Aves del Ecuador 2019,,not_found,no,,,
Phaethon rubricauda,Ave,Lista Roja de las Aves del Ecuador 2019,,not_found,no,,,
Phaethornis atrimentalis,Ave,Lista Roja de las Aves del Ecuador 2019,,not_found,no,,,
Phaethornis bourcieri,Ave,Lista Roja de las Aves del Ecuador 2019,,not_found,no,,,
Phaethornis griseogularis,Ave,Lista Roja de las Aves del Ecuador 2019,,not_found,no,,,
Phaethornis guy,Ave,Lista Roja de las Aves del Ecuador 2019,,not_found,no,,,
Phaethornis hispidus,Ave,Lista Roja de las Aves del Ecuador 2019,,direct_model_species,yes,allowed,white-bearded hermit,1155567c-de21-4561-94f5-49bfd3c69385;aves;caprimulgiformes;trochilidae;phaethornis;hispidus;white-bearded hermit
Phaethornis longirostris,Ave,Lista Roja de las Aves del Ecuador 2019,,direct_model_species,yes,allowed,long-billed hermit,09f3df47-9305-43a6-af48-0edf093163b3;aves;caprimulgiformes;trochilidae;phaethornis;longirostris;long-billed hermit
Phaethornis malaris,Ave,Lista Roja de las Aves del Ecuador 2019,,direct_model_species,yes,allowed,great-billed hermit,a991527c-0c1f-40d9-92b1-d9385031f63d;aves;caprimulgiformes;trochilidae;phaethornis;malaris;great-billed hermit
Phaethornis ruber,Ave,Lista Roja de las Aves del Ecuador 2019,,not_found,no,,,
Phaethornis striigularis,Ave,Lista Roja de las Aves del Ecuador 2019,,not_found,no,,,
Phaethornis syrmatophorus,Ave,Lista Roja de las Aves del Ecuador 2019,,not_found,no,,,
Phaethornis yaruqui,Ave,Lista Roja de las Aves del Ecuador 2019,,not_found,no,,,
Phaetusa simplex,Ave,Lista Roja de las Aves del Ecuador 2019,,not_found,no,,,
Phalacrocorax bougainvillii,Ave,Lista Roja de las Aves del Ecuador 2019,,not_found,no,,,
Phalacrocorax brasilianus,Ave,Lista Roja de las Aves del Ecuador 2019,,not_found,no,,,
Phalacrocorax harrisi,Ave,Lista Roja de las Aves del Ecuador 2019,,not_found,no,,,
Phalaropus fulicarius,Ave,Lista Roja de las Aves del Ecuador 2019,,not_found,no,,,
Phalaropus lobatus,Ave,Lista Roja de las Aves del Ecuador 2019,,not_found,no,,,
Phalaropus tricolor,Ave,Lista Roja de las Aves del Ecuador 2019,,not_found,no,,,
Phalcoboenus carunculatus,Ave,Lista Roja de las Aves del Ecuador 2019,,not_found,no,,,
Phalcoboenus megalopterus,Ave,Lista Roja de las Aves del Ecuador 2019,,not_found,no,,,
Pharomachrus antisianus,Ave,Lista Roja de las Aves del Ecuador 2019,,not_found,no,,,
Pharomachrus auriceps,Ave,Lista Roja de las Aves del Ecuador 2019,,not_found,no,,,
Pharomachrus pavoninus,Ave,Lista Roja de las Aves del Ecuador 2019,,not_found,no,,,
Pheucticus aureoventris,Ave,Lista Roja de las Aves del Ecuador 2019,,not_found,no,,,
Pheucticus chrysogaster,Ave,Lista Roja de las Aves del Ecuador 2019,,not_found,no,,,
Pheucticus ludovicianus,Ave,Lista Roja de las Aves del Ecuador 2019,,not_found,no,,,
Pheugopedius coraya,Ave,Lista Roja de las Aves del Ecuador 2019,,not_found,no,,,
Pheugopedius euophrys,Ave,Lista Roja de las Aves del Ecuador 2019,,not_found,no,,,
Pheugopedius mystacalis,Ave,Lista Roja de las Aves del Ecuador 2019,,not_found,no,,,
Pheugopedius sclateri,Ave,Lista Roja de las Aves del Ecuador 2019,,not_found,no,,,
Philomachus pugnax,Ave,Lista Roja de las Aves del Ecuador 2019,,not_found,no,,,
Philydor erythrocercum,Ave,Lista Roja de las Aves del Ecuador 2019,,not_found,no,,,
Philydor erythropterum,Ave,Lista Roja de las Aves del Ecuador 2019,,not_found,no,,,
Philydor fuscipenne,Ave,Lista Roja de las Aves del Ecuador 2019,,not_found,no,,,
Philydor pyrrhodes,Ave,Lista Roja de las Aves del Ecuador 2019,,not_found,no,,,
Philydor rufum,Ave,Lista Roja de las Aves del Ecuador 2019,,not_found,no,,,
Phimosus infuscatus,Ave,Lista Roja de las Aves del Ecuador 2019,,direct_model_species,yes,allowed,bare-faced ibis,a5a5f71f-a1c1-46c9-b760-09e194a02b9f;aves;pelecaniformes;threskiornithidae;phimosus;infuscatus;bare-faced ibis
Phlegopsis erythroptera,Ave,Lista Roja de las Aves del Ecuador 2019,,not_found,no,,,
Phlegopsis nigromaculata,Ave,Lista Roja de las Aves del Ecuador 2019,,direct_model_species,yes,allowed,black-spotted bare-eye,7ff6f947-6389-44a0-8c6e-ca325ede7039;aves;passeriformes;thamnophilidae;phlegopsis;nigromaculata;black-spotted bare-eye
Phlogophilus hemileucurus,Ave,Lista Roja de las Aves del Ecuador 2019,,not_found,no,,,
Phoebastria irrorata,Ave,Lista Roja de las Aves del Ecuador 2019,,not_found,no,,,
Phoebastria nigripes,Ave,Lista Roja de las Aves del Ecuador 2019,,not_found,no,,,
Phoenicircus nigricollis,Ave,Lista Roja de las Aves del Ecuador 2019,,not_found,no,,,
Phoenicopterus chilensis,Ave,Lista Roja de las Aves del Ecuador 2019,,not_found,no,,,
Phoenicopterus ruber glyphorhynchus,Ave,Lista Roja de las Aves del Ecuador 2019,,not_found,no,,,
Phrygilus alaudinus,Ave,Lista Roja de las Aves del Ecuador 2019,,not_found,no,,,
Phrygilus plebejus,Ave,Lista Roja de las Aves del Ecuador 2019,,not_found,no,,,
Phrygilus unicolor,Ave,Lista Roja de las Aves del Ecuador 2019,,not_found,no,,,
Phyllomyias burmeisteri,Ave,Lista Roja de las Aves del Ecuador 2019,,not_found,no,,,
Phyllomyias cinereiceps,Ave,Lista Roja de las Aves del Ecuador 2019,,not_found,no,,,
Phyllomyias griseiceps,Ave,Lista Roja de las Aves del Ecuador 2019,,not_found,no,,,
Phyllomyias nigrocapillus,Ave,Lista Roja de las Aves del Ecuador 2019,,not_found,no,,,
Phyllomyias plumbeiceps,Ave,Lista Roja de las Aves del Ecuador 2019,,not_found,no,,,
Phyllomyias uropygialis,Ave,Lista Roja de las Aves del Ecuador 2019,,direct_model_species,yes,allowed,tawny-rumped tyrannulet,6511c2bc-3964-4bc0-877e-46ea1351e175;aves;passeriformes;tyrannidae;phyllomyias;uropygialis;tawny-rumped tyrannulet
Phylloscartes gualaquizae,Ave,Lista Roja de las Aves del Ecuador 2019,,not_found,no,,,
Phylloscartes ophthalmicus,Ave,Lista Roja de las Aves del Ecuador 2019,,not_found,no,,,
Phylloscartes orbitalis,Ave,Lista Roja de las Aves del Ecuador 2019,,not_found,no,,,
Phylloscartes poecilotis,Ave,Lista Roja de las Aves del Ecuador 2019,,not_found,no,,,
Phylloscartes superciliaris,Ave,Lista Roja de las Aves del Ecuador 2019,,not_found,no,,,
Piaya cayana,Ave,Lista Roja de las Aves del Ecuador 2019,,direct_model_species,yes,allowed,common squirrel-cuckoo,875098f0-a552-4137-86f8-48f3620f21e9;aves;cuculiformes;cuculidae;piaya;cayana;common squirrel-cuckoo
Piaya melanogaster,Ave,Lista Roja de las Aves del Ecuador 2019,,not_found,no,,,
Picoides fumigatus,Ave,Lista Roja de las Aves del Ecuador 2019,,not_found,no,,,
Piculus chrysochloros,Ave,Lista Roja de las Aves del Ecuador 2019,,not_found,no,,,
Piculus flavigula,Ave,Lista Roja de las Aves del Ecuador 2019,,not_found,no,,,
Piculus leucolaemus,Ave,Lista Roja de las Aves del Ecuador 2019,,not_found,no,,,
Piculus litae,Ave,Lista Roja de las Aves del Ecuador 2019,,not_found,no,,,
Picumnus lafresnayi,Ave,Lista Roja de las Aves del Ecuador 2019,,not_found,no,,,
Picumnus olivaceus,Ave,Lista Roja de las Aves del Ecuador 2019,,not_found,no,,,
Picumnus rufiventris,Ave,Lista Roja de las Aves del Ecuador 2019,,not_found,no,,,
Picumnus sclateri,Ave,Lista Roja de las Aves del Ecuador 2019,,not_found,no,,,
Piezorhina cinerea,Ave,Lista Roja de las Aves del Ecuador 2019,,not_found,no,,,
Pilherodius pileatus,Ave,Lista Roja de las Aves del Ecuador 2019,,direct_model_species,yes,allowed,capped heron,a894d48c-b5a6-48bc-9801-bc1c15edea17;aves;pelecaniformes;ardeidae;pilherodius;pileatus;capped heron
Pionites melanocephalus,Ave,Lista Roja de las Aves del Ecuador 2019,,not_found,no,,,
Pionus chalcopterus,Ave,Lista Roja de las Aves del Ecuador 2019,,not_found,no,,,
Pionus menstruus,Ave,Lista Roja de las Aves del Ecuador 2019,,not_found,no,,,
Pionus sordidus,Ave,Lista Roja de las Aves del Ecuador 2019,,not_found,no,,,
Pionus tumultuosus,Ave,Lista Roja de las Aves del Ecuador 2019,,not_found,no,,,
Pipile cumanensis,Ave,Lista Roja de las Aves del Ecuador 2019,,direct_model_species,yes,allowed,blue-throated piping-guan,37ee3aa1-ba29-4700-b8fb-76a338fe1dbc;aves;galliformes;cracidae;pipile;cumanensis;blue-throated piping-guan
Pipra filicauda,Ave,Lista Roja de las Aves del Ecuador 2019,,not_found,no,,,
Pipraeidea bonariensis,Ave,Lista Roja de las Aves del Ecuador 2019,,not_found,no,,,
Pipraeidea melanonota,Ave,Lista Roja de las Aves del Ecuador 2019,,not_found,no,,,
Pipreola arcuata,Ave,Lista Roja de las Aves del Ecuador 2019,,not_found,no,,,
Pipreola chlorolepidota,Ave,Lista Roja de las Aves del Ecuador 2019,,not_found,no,,,
Pipreola frontalis,Ave,Lista Roja de las Aves del Ecuador 2019,,not_found,no,,,
Pipreola jucunda,Ave,Lista Roja de las Aves del Ecuador 2019,,not_found,no,,,
Pipreola lubomirskii,Ave,Lista Roja de las Aves del Ecuador 2019,,not_found,no,,,
Pipreola riefferii,Ave,Lista Roja de las Aves del Ecuador 2019,,direct_model_species,yes,allowed,green-and-black fruiteater,55e8ae19-53da-4ad1-93d7-c6951a2ea507;aves;passeriformes;cotingidae;pipreola;riefferii;green-and-black fruiteater
Piprites chloris,Ave,Lista Roja de las Aves del Ecuador 2019,,not_found,no,,,
Piranga flava,Ave,Lista Roja de las Aves del Ecuador 2019,,not_found,no,,,
Piranga leucoptera,Ave,Lista Roja de las Aves del Ecuador 2019,,not_found,no,,,
Piranga olivacea,Ave,Lista Roja de las Aves del Ecuador 2019,,not_found,no,,,
Piranga rubra,Ave,Lista Roja de las Aves del Ecuador 2019,,not_found,no,,,
Piranga rubriceps,Ave,Lista Roja de las Aves del Ecuador 2019,,not_found,no,,,
Pitangus lictor,Ave,Lista Roja de las Aves del Ecuador 2019,,not_found,no,,,
Pitangus sulphuratus,Ave,Lista Roja de las Aves del Ecuador 2019,,direct_model_species,yes,allowed,great kiskadee,aa76422e-228f-475b-9152-9525ed250517;aves;passeriformes;tyrannidae;pitangus;sulphuratus;great kiskadee
Pithys albifrons,Ave,Lista Roja de las Aves del Ecuador 2019,,not_found,no,,,
Pittasoma rufopileatum,Ave,Lista Roja de las Aves del Ecuador 2019,,not_found,no,,,
Platalea ajaja,Ave,Lista Roja de las Aves del Ecuador 2019,,direct_model_species,yes,allowed,roseate spoonbill,27fed912-e295-41bb-a629-45703c71eaff;aves;pelecaniformes;threskiornithidae;platalea;ajaja;roseate spoonbill
Platyrinchus coronatus,Ave,Lista Roja de las Aves del Ecuador 2019,,not_found,no,,,
Platyrinchus flavigularis,Ave,Lista Roja de las Aves del Ecuador 2019,,not_found,no,,,
Platyrinchus mystaceus,Ave,Lista Roja de las Aves del Ecuador 2019,,not_found,no,,,
Platyrinchus platyrhynchos,Ave,Lista Roja de las Aves del Ecuador 2019,,not_found,no,,,
Platyrinchus saturatus,Ave,Lista Roja de las Aves del Ecuador 2019,,not_found,no,,,
Platyspiza crassirostris,Ave,Lista Roja de las Aves del Ecuador 2019,,not_found,no,,,
Plegadis falcinellus,Ave,Lista Roja de las Aves del Ecuador 2019,,not_found,no,,,
Plegadis ridgwayi,Ave,Lista Roja de las Aves del Ecuador 2019,,not_found,no,,,
Pluvialis dominica,Ave,Lista Roja de las Aves del Ecuador 2019,,not_found,no,,,
Pluvialis fulva,Ave,Lista Roja de las Aves del Ecuador 2019,,not_found,no,,,
Pluvialis squatarola,Ave,Lista Roja de las Aves del Ecuador 2019,,not_found,no,,,
Podiceps major,Ave,Lista Roja de las Aves del Ecuador 2019,,not_found,no,,,
Podiceps occipitalis,Ave,Lista Roja de las Aves del Ecuador 2019,,not_found,no,,,
Podilymbus podiceps,Ave,Lista Roja de las Aves del Ecuador 2019,,direct_model_species,yes,allowed,pied-billed grebe,1b981766-150c-48cb-b130-ec435986cad8;aves;podicipediformes;podicipedidae;podilymbus;podiceps;pied-billed grebe
Poecilotriccus calopterus,Ave,Lista Roja de las Aves del Ecuador 2019,,not_found,no,,,
Poecilotriccus capitalis,Ave,Lista Roja de las Aves del Ecuador 2019,,not_found,no,,,
Poecilotriccus latirostris,Ave,Lista Roja de las Aves del Ecuador 2019,,not_found,no,,,
Poecilotriccus ruficeps,Ave,Lista Roja de las Aves del Ecuador 2019,,not_found,no,,,
Polioptila plumbea,Ave,Lista Roja de las Aves del Ecuador 2019,,not_found,no,,,
Polioptila schistaceigula,Ave,Lista Roja de las Aves del Ecuador 2019,,not_found,no,,,
Polytmus theresiae,Ave,Lista Roja de las Aves del Ecuador 2019,,not_found,no,,,
Poospiza hispaniolensis,Ave,Lista Roja de las Aves del Ecuador 2019,,not_found,no,,,
Por favor,Ave,Lista Roja de las Aves del Ecuador 2019,,not_found,no,,,
Por favor cite,Ave,Lista Roja de las Aves del Ecuador 2019,,not_found,no,,,
Por razones,Ave,Lista Roja de las Aves del Ecuador 2019,,not_found,no,,,
Porphyrio flavirostris,Ave,Lista Roja de las Aves del Ecuador 2019,,not_found,no,,,
Porphyrio martinicus,Ave,Lista Roja de las Aves del Ecuador 2019,,not_found,no,,,
Porphyrolaema porphyrolaema,Ave,Lista Roja de las Aves del Ecuador 2019,,direct_model_species,yes,allowed,purple-throated cotinga,cef3b9bf-4e84-4f75-9fa6-be8f236b9d92;aves;passeriformes;cotingidae;porphyrolaema;porphyrolaema;purple-throated cotinga
Porzana albicollis,Ave,Lista Roja de las Aves del Ecuador 2019,,direct_model_species,yes,blocked by allow-list,ash-throated crake,7e2a2ce7-0411-44da-b43c-69015e572268;aves;gruiformes;rallidae;porzana;albicollis;ash-throated crake
Porzana carolina,Ave,Lista Roja de las Aves del Ecuador 2019,,direct_model_species,yes,allowed,sora,20fe6172-af93-46ad-8bf6-329dbd14dced;aves;gruiformes;rallidae;porzana;carolina;sora
Porzana flaviventer,Ave,Lista Roja de las Aves del Ecuador 2019,,not_found,no,,,
Premnoplex brunnescens,Ave,Lista Roja de las Aves del Ecuador 2019,,not_found,no,,,
Premnornis guttuliger,Ave,Lista Roja de las Aves del Ecuador 2019,,not_found,no,,,
Procellaria aequinoctialis,Ave,Lista Roja de las Aves del Ecuador 2019,,not_found,no,,,
Procellaria parkinsoni,Ave,Lista Roja de las Aves del Ecuador 2019,,not_found,no,,,
Progne chalybea,Ave,Lista Roja de las Aves del Ecuador 2019,,not_found,no,,,
Progne elegans,Ave,Lista Roja de las Aves del Ecuador 2019,,not_found,no,,,
Progne modesta,Ave,Lista Roja de las Aves del Ecuador 2019,,not_found,no,,,
Progne subis,Ave,Lista Roja de las Aves del Ecuador 2019,,not_found,no,,,
Progne tapera,Ave,Lista Roja de las Aves del Ecuador 2019,,not_found,no,,,
Protonotaria citrea,Ave,Lista Roja de las Aves del Ecuador 2019,,not_found,no,,,
Psarocolius angustifrons,Ave,Lista Roja de las Aves del Ecuador 2019,,direct_model_species,yes,allowed,russet-backed oropendola,8614065b-6222-41fd-ba46-c8ee2c19401c;aves;passeriformes;icteridae;psarocolius;angustifrons;russet-backed oropendola
Psarocolius bifasciatus,Ave,Lista Roja de las Aves del Ecuador 2019,,not_found,no,,,
Psarocolius decumanus,Ave,Lista Roja de las Aves del Ecuador 2019,,direct_model_species,yes,allowed,crested oropendola,b3b21464-e99b-4c14-92c6-dce27e221297;aves;passeriformes;icteridae;psarocolius;decumanus;crested oropendola
Psarocolius viridis,Ave,Lista Roja de las Aves del Ecuador 2019,,not_found,no,,,
Psarocolius wagleri,Ave,Lista Roja de las Aves del Ecuador 2019,,not_found,no,,,
Pseudastur albicollis,Ave,Lista Roja de las Aves del Ecuador 2019,,direct_model_species,yes,allowed,white hawk,48b60240-da50-4e0b-b55e-67d5b0de1acc;aves;accipitriformes;accipitridae;pseudastur;albicollis;white hawk
Pseudastur occidentalis,Ave,Lista Roja de las Aves del Ecuador 2019,,not_found,no,,,
Pseudelaenia leucospodia,Ave,Lista Roja de las Aves del Ecuador 2019,,not_found,no,,,
Pseudocolaptes boissonneautii,Ave,Lista Roja de las Aves del Ecuador 2019,,not_found,no,,,
Pseudocolaptes lawrencii,Ave,Lista Roja de las Aves del Ecuador 2019,,not_found,no,,,
Pseudocolopteryx acutipennis,Ave,Lista Roja de las Aves del Ecuador 2019,,not_found,no,,,
Pseudoscops clamator,Ave,Lista Roja de las Aves del Ecuador 2019,,not_found,no,,,
Pseudotriccus pelzelni,Ave,Lista Roja de las Aves del Ecuador 2019,,not_found,no,,,
Pseudotriccus ruficeps,Ave,Lista Roja de las Aves del Ecuador 2019,,direct_model_species,yes,allowed,rufous-headed pygmy-tyrant,7b983802-48c7-455a-bfef-00eead749eae;aves;passeriformes;tyrannidae;pseudotriccus;ruficeps;rufous-headed pygmy-tyrant
Psittacara erythrogenys,Ave,Lista Roja de las Aves del Ecuador 2019,,not_found,no,,,
Psittacara leucophthalmus,Ave,Lista Roja de las Aves del Ecuador 2019,,not_found,no,,,
Psittacara wagleri,Ave,Lista Roja de las Aves del Ecuador 2019,,not_found,no,,,
Psophia crepitans,Ave,Lista Roja de las Aves del Ecuador 2019,,direct_model_species,yes,allowed,gray-winged trumpeter,ef405f67-563e-4311-ae9c-63f44ee7a9aa;aves;gruiformes;psophiidae;psophia;crepitans;gray-winged trumpeter
Pterodroma inexpectata,Ave,Lista Roja de las Aves del Ecuador 2019,,not_found,no,,,
Pterodroma leucoptera,Ave,Lista Roja de las Aves del Ecuador 2019,,not_found,no,,,
Pterodroma phaeopygia,Ave,Lista Roja de las Aves del Ecuador 2019,,direct_model_species,yes,allowed,galapagos petrel,8fc73565-cff4-41ca-9144-69d0e181ac7a;aves;procellariiformes;procellariidae;pterodroma;phaeopygia;galapagos petrel
Pteroglossus azara,Ave,Lista Roja de las Aves del Ecuador 2019,,not_found,no,,,
Pteroglossus castanotis,Ave,Lista Roja de las Aves del Ecuador 2019,,not_found,no,,,
Pteroglossus inscriptus,Ave,Lista Roja de las Aves del Ecuador 2019,,not_found,no,,,
Pteroglossus pluricinctus,Ave,Lista Roja de las Aves del Ecuador 2019,,not_found,no,,,
Pteroglossus torquatus,Ave,Lista Roja de las Aves del Ecuador 2019,,not_found,no,,,
Pterophanes cyanopterus,Ave,Lista Roja de las Aves del Ecuador 2019,,not_found,no,,,
Puffinus puffinus,Ave,Lista Roja de las Aves del Ecuador 2019,,not_found,no,,,
Puffinus subalaris,Ave,Lista Roja de las Aves del Ecuador 2019,,not_found,no,,,
Pulsatrix melanota,Ave,Lista Roja de las Aves del Ecuador 2019,,not_found,no,,,
Pulsatrix perspicillata,Ave,Lista Roja de las Aves del Ecuador 2019,,not_found,no,,,
Pygiptila stellaris,Ave,Lista Roja de las Aves del Ecuador 2019,,not_found,no,,,
Pygochelidon cyanoleuca,Ave,Lista Roja de las Aves del Ecuador 2019,,not_found,no,,,
Pyriglena leuconota,Ave,Lista Roja de las Aves del Ecuador 2019,,direct_model_species,yes,allowed,white-backed fire-eye,a034f451-e905-4695-b6af-1963aa4a0541;aves;passeriformes;thamnophilidae;pyriglena;leuconota;white-backed fire-eye
Pyrilia barrabandi,Ave,Lista Roja de las Aves del Ecuador 2019,,not_found,no,,,
Pyrilia pulchra,Ave,Lista Roja de las Aves del Ecuador 2019,,not_found,no,,,
Pyrilia pyrilia,Ave,Lista Roja de las Aves del Ecuador 2019,,not_found,no,,,
Pyrocephalus rubinus,Ave,Lista Roja de las Aves del Ecuador 2019,,not_found,no,,,
Pyrocephalus rubinus dubius,Ave,Lista Roja de las Aves del Ecuador 2019,,not_found,no,,,
Pyrocephalus rubinus nanus,Ave,Lista Roja de las Aves del Ecuador 2019,,not_found,no,,,
Pyroderus scutatus,Ave,Lista Roja de las Aves del Ecuador 2019,,not_found,no,,,
Pyrrhomyias cinnamomeus,Ave,Lista Roja de las Aves del Ecuador 2019,,not_found,no,,,
Pyrrhura albipectus,Ave,Lista Roja de las Aves del Ecuador 2019,,not_found,no,,,
Pyrrhura melanura,Ave,Lista Roja de las Aves del Ecuador 2019,,not_found,no,,,
Pyrrhura orcesi,Ave,Lista Roja de las Aves del Ecuador 2019,,not_found,no,,,
Pyrrhura roseifrons,Ave,Lista Roja de las Aves del Ecuador 2019,,not_found,no,,,
Querula purpurata,Ave,Lista Roja de las Aves del Ecuador 2019,,not_found,no,,,
Quiscalus mexicanus,Ave,Lista Roja de las Aves del Ecuador 2019,,direct_model_species,yes,allowed,great-tailed grackle,5feae9b9-02b6-4d4e-8a88-5e4da1693fcd;aves;passeriformes;icteridae;quiscalus;mexicanus;great-tailed grackle
Rallus limicola,Ave,Lista Roja de las Aves del Ecuador 2019,,direct_model_species,yes,blocked by allow-list,virginia rail,667a914d-990a-4897-823c-b2f5bb88adb7;aves;gruiformes;rallidae;rallus;limicola;virginia rail
Rallus longirostris,Ave,Lista Roja de las Aves del Ecuador 2019,,not_found,no,,,
Ramphastos ambiguus,Ave,Lista Roja de las Aves del Ecuador 2019,,not_found,no,,,
Ramphastos brevis,Ave,Lista Roja de las Aves del Ecuador 2019,,not_found,no,,,
Ramphastos tucanus,Ave,Lista Roja de las Aves del Ecuador 2019,,direct_model_species,yes,allowed,red-billed toucan,cc17e7c2-109d-413a-bebf-6da97b044df3;aves;piciformes;ramphastidae;ramphastos;tucanus;red-billed toucan
Ramphastos vitellinus,Ave,Lista Roja de las Aves del Ecuador 2019,,direct_model_species,yes,allowed,channel-billed toucan,0e1da2a2-9a14-4c71-adf7-47b6a5eb2756;aves;piciformes;ramphastidae;ramphastos;vitellinus;channel-billed toucan
Ramphocaenus melanurus,Ave,Lista Roja de las Aves del Ecuador 2019,,not_found,no,,,
Ramphocelus carbo,Ave,Lista Roja de las Aves del Ecuador 2019,,direct_model_species,yes,allowed,silver-beaked tanager,a2589961-1c5c-4e88-9647-f6fa35e876b6;aves;passeriformes;thraupidae;ramphocelus;carbo;silver-beaked tanager
Ramphocelus flammigerus,Ave,Lista Roja de las Aves del Ecuador 2019,,not_found,no,,,
Ramphocelus nigrogularis,Ave,Lista Roja de las Aves del Ecuador 2019,,not_found,no,,,
Ramphomicron microrhynchum,Ave,Lista Roja de las Aves del Ecuador 2019,,not_found,no,,,
Ramphotrigon fuscicauda,Ave,Lista Roja de las Aves del Ecuador 2019,,not_found,no,,,
Ramphotrigon megacephalum,Ave,Lista Roja de las Aves del Ecuador 2019,,not_found,no,,,
Ramphotrigon ruficauda,Ave,Lista Roja de las Aves del Ecuador 2019,,not_found,no,,,
Realizamos diez talleres,Ave,Lista Roja de las Aves del Ecuador 2019,,not_found,no,,,
Realizamos evaluaciones independientes,Ave,Lista Roja de las Aves del Ecuador 2019,,not_found,no,,,
Recurvirostra americana,Ave,Lista Roja de las Aves del Ecuador 2019,,direct_model_species,yes,blocked by allow-list,american avocet,68574b5e-4576-4953-a704-6bbf9d8e6e80;aves;charadriiformes;recurvirostridae;recurvirostra;americana;american avocet
Red list,Ave,Lista Roja de las Aves del Ecuador 2019,,not_found,no,,,
Rhegmatorhina melanosticta,Ave,Lista Roja de las Aves del Ecuador 2019,,direct_model_species,yes,allowed,hairy-crested antbird,2c32c5a2-7918-4c65-b021-831f805386f4;aves;passeriformes;thamnophilidae;rhegmatorhina;melanosticta;hairy-crested antbird
Rhodospingus cruentus,Ave,Lista Roja de las Aves del Ecuador 2019,,not_found,no,,,
Rhynchocyclus fulvipectus,Ave,Lista Roja de las Aves del Ecuador 2019,,not_found,no,,,
Rhynchocyclus olivaceus,Ave,Lista Roja de las Aves del Ecuador 2019,,not_found,no,,,
Rhynchocyclus pacificus,Ave,Lista Roja de las Aves del Ecuador 2019,,not_found,no,,,
Rhynchortyx cinctus,Ave,Lista Roja de las Aves del Ecuador 2019,,not_found,no,,,
Rhynchospiza stolzmanni,Ave,Lista Roja de las Aves del Ecuador 2019,,not_found,no,,,
Rhytipterna holerythra,Ave,Lista Roja de las Aves del Ecuador 2019,,not_found,no,,,
Rhytipterna simplex,Ave,Lista Roja de las Aves del Ecuador 2019,,not_found,no,,,
Riparia riparia,Ave,Lista Roja de las Aves del Ecuador 2019,,not_found,no,,,
Rostrhamus sociabilis,Ave,Lista Roja de las Aves del Ecuador 2019,,direct_model_species,yes,allowed,snail kite,a5b2e31e-d34d-4563-b76f-1395c885cd93;aves;accipitriformes;accipitridae;rostrhamus;sociabilis;snail kite
Rupicola peruvianus,Ave,Lista Roja de las Aves del Ecuador 2019,,not_found,no,,,
Rupornis magnirostris,Ave,Lista Roja de las Aves del Ecuador 2019,,direct_model_species,yes,allowed,roadside hawk,69e2b291-6a8f-4709-9c26-07266c04cbbd;aves;accipitriformes;accipitridae;rupornis;magnirostris;roadside hawk
Rynchops niger,Ave,Lista Roja de las Aves del Ecuador 2019,,not_found,no,,,
Saltator atripennis,Ave,Lista Roja de las Aves del Ecuador 2019,,not_found,no,,,
Saltator cinctus,Ave,Lista Roja de las Aves del Ecuador 2019,,direct_model_species,yes,allowed,masked saltator,75048e7d-3af9-451b-8aa9-f8b813644487;aves;passeriformes;thraupidae;saltator;cinctus;masked saltator
Saltator coerulescens,Ave,Lista Roja de las Aves del Ecuador 2019,,direct_model_species,yes,allowed,grayish saltator,b75a77ee-b3ff-4b98-b75e-ef513778096d;aves;passeriformes;thraupidae;saltator;coerulescens;grayish saltator
Saltator grossus,Ave,Lista Roja de las Aves del Ecuador 2019,,not_found,no,,,
Saltator maximus,Ave,Lista Roja de las Aves del Ecuador 2019,,not_found,no,,,
Saltator nigriceps,Ave,Lista Roja de las Aves del Ecuador 2019,,not_found,no,,,
Saltator striatipectus,Ave,Lista Roja de las Aves del Ecuador 2019,,not_found,no,,,
Sapayoa aenigma,Ave,Lista Roja de las Aves del Ecuador 2019,,not_found,no,,,
Sarcoramphus papa,Ave,Lista Roja de las Aves del Ecuador 2019,,direct_model_species,yes,allowed,king vulture,ac428308-7cbc-4c7e-939d-1fbfffe09298;aves;cathartiformes;cathartidae;sarcoramphus;papa;king vulture
Sarkidiornis melanotos,Ave,Lista Roja de las Aves del Ecuador 2019,,not_found,no,,,
Sayornis nigricans,Ave,Lista Roja de las Aves del Ecuador 2019,,direct_model_species,yes,allowed,black phoebe,c923f432-b787-45c4-8563-743d422df56e;aves;passeriformes;tyrannidae;sayornis;nigricans;black phoebe
Schiffornis aenea,Ave,Lista Roja de las Aves del Ecuador 2019,,not_found,no,,,
Schiffornis major,Ave,Lista Roja de las Aves del Ecuador 2019,,not_found,no,,,
Schiffornis turdina,Ave,Lista Roja de las Aves del Ecuador 2019,,not_found,no,,,
Schiffornis veraepacis,Ave,Lista Roja de las Aves del Ecuador 2019,,not_found,no,,,
Schistes geoffroyi,Ave,Lista Roja de las Aves del Ecuador 2019,,not_found,no,,,
Schistochlamys melanopis,Ave,Lista Roja de las Aves del Ecuador 2019,,not_found,no,,,
Schistocichla leucostigma,Ave,Lista Roja de las Aves del Ecuador 2019,,direct_model_species,yes,allowed,spot-winged antbird,70e31d83-aec6-449e-850a-97588932824e;aves;passeriformes;thamnophilidae;schistocichla;leucostigma;spot-winged antbird
Schistocichla schistacea,Ave,Lista Roja de las Aves del Ecuador 2019,,not_found,no,,,
Sclateria naevia,Ave,Lista Roja de las Aves del Ecuador 2019,,not_found,no,,,
Sclerurus albigularis,Ave,Lista Roja de las Aves del Ecuador 2019,,not_found,no,,,
Sclerurus caudacutus,Ave,Lista Roja de las Aves del Ecuador 2019,,not_found,no,,,
Sclerurus guatemalensis,Ave,Lista Roja de las Aves del Ecuador 2019,,not_found,no,,,
Sclerurus mexicanus,Ave,Lista Roja de las Aves del Ecuador 2019,,direct_model_species,yes,allowed,tawny-throated leaftosser,2d63b87c-1359-4255-abba-e0285d1a3bea;aves;passeriformes;furnariidae;sclerurus;mexicanus;tawny-throated leaftosser
Sclerurus rufigularis,Ave,Lista Roja de las Aves del Ecuador 2019,,not_found,no,,,
Scytalopus atratus,Ave,Lista Roja de las Aves del Ecuador 2019,,not_found,no,,,
Scytalopus chocoensis,Ave,Lista Roja de las Aves del Ecuador 2019,,not_found,no,,,
Scytalopus latrans,Ave,Lista Roja de las Aves del Ecuador 2019,,direct_model_species,yes,allowed,blackish tapaculo,66e3fcc2-8373-4449-9b70-68f00aa1915a;aves;passeriformes;rhinocryptidae;scytalopus;latrans;blackish tapaculo
Scytalopus micropterus,Ave,Lista Roja de las Aves del Ecuador 2019,,not_found,no,,,
Scytalopus opacus,Ave,Lista Roja de las Aves del Ecuador 2019,,not_found,no,,,
Scytalopus parkeri,Ave,Lista Roja de las Aves del Ecuador 2019,,not_found,no,,,
Scytalopus robbinsi,Ave,Lista Roja de las Aves del Ecuador 2019,,not_found,no,,,
Scytalopus spillmanni,Ave,Lista Roja de las Aves del Ecuador 2019,,not_found,no,,,
Scytalopus vicinior,Ave,Lista Roja de las Aves del Ecuador 2019,,not_found,no,,,
Seiurus aurocapilla,Ave,Lista Roja de las Aves del Ecuador 2019,,direct_model_species,yes,blocked by allow-list,ovenbird,69228514-4d73-4205-b054-c925fc60226b;aves;passeriformes;parulidae;seiurus;aurocapilla;ovenbird
Selenidera reinwardtii,Ave,Lista Roja de las Aves del Ecuador 2019,,not_found,no,,,
Selenidera spectabilis,Ave,Lista Roja de las Aves del Ecuador 2019,,not_found,no,,,
Semnornis ramphastinus,Ave,Lista Roja de las Aves del Ecuador 2019,,not_found,no,,,
Sericossypha albocristata,Ave,Lista Roja de las Aves del Ecuador 2019,,not_found,no,,,
Serpophaga cinerea,Ave,Lista Roja de las Aves del Ecuador 2019,,not_found,no,,,
Serpophaga hypoleuca,Ave,Lista Roja de las Aves del Ecuador 2019,,not_found,no,,,
Setophaga caerulescens,Ave,Lista Roja de las Aves del Ecuador 2019,,not_found,no,,,
Setophaga castanea,Ave,Lista Roja de las Aves del Ecuador 2019,,not_found,no,,,
Setophaga cerulea,Ave,Lista Roja de las Aves del Ecuador 2019,,not_found,no,,,
Setophaga fusca,Ave,Lista Roja de las Aves del Ecuador 2019,,not_found,no,,,
Setophaga pensylvanica,Ave,Lista Roja de las Aves del Ecuador 2019,,not_found,no,,,
Setophaga petechia,Ave,Lista Roja de las Aves del Ecuador 2019,,not_found,no,,,
Setophaga petechia aureola,Ave,Lista Roja de las Aves del Ecuador 2019,,not_found,no,,,
Setophaga pitiayumi,Ave,Lista Roja de las Aves del Ecuador 2019,,not_found,no,,,
Setophaga ruticilla,Ave,Lista Roja de las Aves del Ecuador 2019,,direct_model_species,yes,allowed,american redstart,ff31e033-1f44-4772-9317-c1236e27a635;aves;passeriformes;parulidae;setophaga;ruticilla;american redstart
Setophaga striata,Ave,Lista Roja de las Aves del Ecuador 2019,,not_found,no,,,
Setophaga virens,Ave,Lista Roja de las Aves del Ecuador 2019,,not_found,no,,,
Severamente fragmentada,Ave,Lista Roja de las Aves del Ecuador 2019,,not_found,no,,,
Sicalis flaveola,Ave,Lista Roja de las Aves del Ecuador 2019,,not_found,no,,,
Sicalis luteola,Ave,Lista Roja de las Aves del Ecuador 2019,,not_found,no,,,
Sicalis taczanowskii,Ave,Lista Roja de las Aves del Ecuador 2019,,not_found,no,,,
Sin embargo,Ave,Lista Roja de las Aves del Ecuador 2019,,not_found,no,,,
Siptornis striaticollis,Ave,Lista Roja de las Aves del Ecuador 2019,,not_found,no,,,
Sirystes albocinereus,Ave,Lista Roja de las Aves del Ecuador 2019,,not_found,no,,,
Sirystes albogriseus,Ave,Lista Roja de las Aves del Ecuador 2019,,not_found,no,,,
Sittasomus griseicapillus,Ave,Lista Roja de las Aves del Ecuador 2019,,not_found,no,,,
Snowornis cryptolophus,Ave,Lista Roja de las Aves del Ecuador 2019,,not_found,no,,,
Snowornis subalaris,Ave,Lista Roja de las Aves del Ecuador 2019,,not_found,no,,,
Solo aplicable,Ave,Lista Roja de las Aves del Ecuador 2019,,not_found,no,,,
Spheniscus humboldti,Ave,Lista Roja de las Aves del Ecuador 2019,,not_found,no,,,
Spheniscus mendiculus,Ave,Lista Roja de las Aves del Ecuador 2019,,not_found,no,,,
Spinus magellanicus,Ave,Lista Roja de las Aves del Ecuador 2019,,direct_model_species,yes,allowed,hooded siskin,553e5542-5c18-41d4-93fa-3310ffd0faad;aves;passeriformes;fringillidae;spinus;magellanicus;hooded siskin
Spinus olivaceus,Ave,Lista Roja de las Aves del Ecuador 2019,,not_found,no,,,
Spinus psaltria,Ave,Lista Roja de las Aves del Ecuador 2019,,direct_model_species,yes,allowed,lesser goldfinch,9c970db3-1497-4397-bb06-06e3827570dd;aves;passeriformes;fringillidae;spinus;psaltria;lesser goldfinch
Spinus siemiradzkii,Ave,Lista Roja de las Aves del Ecuador 2019,,not_found,no,,,
Spinus spinescens,Ave,Lista Roja de las Aves del Ecuador 2019,,not_found,no,,,
Spinus xanthogastrus,Ave,Lista Roja de las Aves del Ecuador 2019,,not_found,no,,,
Spiza americana,Ave,Lista Roja de las Aves del Ecuador 2019,,not_found,no,,,
Spizaetus isidori,Ave,Lista Roja de las Aves del Ecuador 2019,,direct_model_species,yes,allowed,black-and-chestnut eagle,83064dc4-1f40-4aae-9c0b-29e973227d89;aves;accipitriformes;accipitridae;spizaetus;isidori;black-and-chestnut eagle
Spizaetus melanoleucus,Ave,Lista Roja de las Aves del Ecuador 2019,,direct_model_species,yes,allowed,black-and-white hawk-eagle,83e35597-f758-4fac-867a-e2c576ee4488;aves;accipitriformes;accipitridae;spizaetus;melanoleucus;black-and-white hawk-eagle
Spizaetus ornatus,Ave,Lista Roja de las Aves del Ecuador 2019,,direct_model_species,yes,allowed,ornate hawk-eagle,3c75a046-fe27-4c19-a4e0-2be8ee0c8d28;aves;accipitriformes;accipitridae;spizaetus;ornatus;ornate hawk-eagle
Spizaetus tyrannus,Ave,Lista Roja de las Aves del Ecuador 2019,,direct_model_species,yes,allowed,black hawk-eagle,e31f1a3b-f8e5-42df-9b7b-4563a61733df;aves;accipitriformes;accipitridae;spizaetus;tyrannus;black hawk-eagle
Sporophila angolensis,Ave,Lista Roja de las Aves del Ecuador 2019,,not_found,no,,,
Sporophila atrirostris,Ave,Lista Roja de las Aves del Ecuador 2019,,not_found,no,,,
Sporophila bouvronides,Ave,Lista Roja de las Aves del Ecuador 2019,,not_found,no,,,
Sporophila castaneiventris,Ave,Lista Roja de las Aves del Ecuador 2019,,not_found,no,,,
Sporophila corvina,Ave,Lista Roja de las Aves del Ecuador 2019,,not_found,no,,,
Sporophila crassirostris,Ave,Lista Roja de las Aves del Ecuador 2019,,not_found,no,,,
Sporophila funerea,Ave,Lista Roja de las Aves del Ecuador 2019,,not_found,no,,,
Sporophila intermedia,Ave,Lista Roja de las Aves del Ecuador 2019,,not_found,no,,,
Sporophila lineola,Ave,Lista Roja de las Aves del Ecuador 2019,,not_found,no,,,
Sporophila luctuosa,Ave,Lista Roja de las Aves del Ecuador 2019,,not_found,no,,,
Sporophila minuta,Ave,Lista Roja de las Aves del Ecuador 2019,,not_found,no,,,
Sporophila murallae,Ave,Lista Roja de las Aves del Ecuador 2019,,not_found,no,,,
Sporophila nigricollis,Ave,Lista Roja de las Aves del Ecuador 2019,,not_found,no,,,
Sporophila peruviana,Ave,Lista Roja de las Aves del Ecuador 2019,,not_found,no,,,
Sporophila schistacea,Ave,Lista Roja de las Aves del Ecuador 2019,,not_found,no,,,
Sporophila simplex,Ave,Lista Roja de las Aves del Ecuador 2019,,not_found,no,,,
Sporophila telasco,Ave,Lista Roja de las Aves del Ecuador 2019,,not_found,no,,,
Steatornis caripensis,Ave,Lista Roja de las Aves del Ecuador 2019,,not_found,no,,,
Stelgidopteryx ruficollis,Ave,Lista Roja de las Aves del Ecuador 2019,,not_found,no,,,
Stercorarius chilensis,Ave,Lista Roja de las Aves del Ecuador 2019,,not_found,no,,,
Stercorarius longicaudus,Ave,Lista Roja de las Aves del Ecuador 2019,,not_found,no,,,
Stercorarius maccormicki,Ave,Lista Roja de las Aves del Ecuador 2019,,not_found,no,,,
Stercorarius parasiticus,Ave,Lista Roja de las Aves del Ecuador 2019,,not_found,no,,,
Stercorarius pomarinus,Ave,Lista Roja de las Aves del Ecuador 2019,,not_found,no,,,
Sterna hirundinacea,Ave,Lista Roja de las Aves del Ecuador 2019,,not_found,no,,,
Sterna hirundo,Ave,Lista Roja de las Aves del Ecuador 2019,,not_found,no,,,
Sterna paradisaea,Ave,Lista Roja de las Aves del Ecuador 2019,,not_found,no,,,
Sternula antillarum,Ave,Lista Roja de las Aves del Ecuador 2019,,not_found,no,,,
Sternula lorata,Ave,Lista Roja de las Aves del Ecuador 2019,,not_found,no,,,
Sternula superciliaris,Ave,Lista Roja de las Aves del Ecuador 2019,,not_found,no,,,
Stigmatura napensis,Ave,Lista Roja de las Aves del Ecuador 2019,,not_found,no,,,
Streptoprocne rutila,Ave,Lista Roja de las Aves del Ecuador 2019,,not_found,no,,,
Streptoprocne zonaris,Ave,Lista Roja de las Aves del Ecuador 2019,,not_found,no,,,
Sturnella bellicosa,Ave,Lista Roja de las Aves del Ecuador 2019,,not_found,no,,,
Sturnella militaris,Ave,Lista Roja de las Aves del Ecuador 2019,,not_found,no,,,
Sublegatus modestus,Ave,Lista Roja de las Aves del Ecuador 2019,,not_found,no,,,
Sublegatus obscurior,Ave,Lista Roja de las Aves del Ecuador 2019,,direct_model_species,yes,allowed,amazonian scrub-flycatcher,4ae5668a-073e-4d81-bb89-ac633e9a5537;aves;passeriformes;tyrannidae;sublegatus;obscurior;amazonian scrub-flycatcher
Sula dactylatra,Ave,Lista Roja de las Aves del Ecuador 2019,,not_found,no,,,
Sula granti,Ave,Lista Roja de las Aves del Ecuador 2019,,not_found,no,,,
Sula leucogaster,Ave,Lista Roja de las Aves del Ecuador 2019,,not_found,no,,,
Sula nebouxii,Ave,Lista Roja de las Aves del Ecuador 2019,,not_found,no,,,
Sula nebouxii excisa,Ave,Lista Roja de las Aves del Ecuador 2019,,not_found,no,,,
Sula sula,Ave,Lista Roja de las Aves del Ecuador 2019,,not_found,no,,,
Sula variegata,Ave,Lista Roja de las Aves del Ecuador 2019,,not_found,no,,,
Synallaxis albigularis,Ave,Lista Roja de las Aves del Ecuador 2019,,not_found,no,,,
Synallaxis azarae,Ave,Lista Roja de las Aves del Ecuador 2019,,not_found,no,,,
Synallaxis brachyura,Ave,Lista Roja de las Aves del Ecuador 2019,,not_found,no,,,
Synallaxis cherriei,Ave,Lista Roja de las Aves del Ecuador 2019,,not_found,no,,,
Synallaxis gujanensis,Ave,Lista Roja de las Aves del Ecuador 2019,,not_found,no,,,
Synallaxis maranonica,Ave,Lista Roja de las Aves del Ecuador 2019,,not_found,no,,,
Synallaxis moesta,Ave,Lista Roja de las Aves del Ecuador 2019,,not_found,no,,,
Synallaxis propinqua,Ave,Lista Roja de las Aves del Ecuador 2019,,not_found,no,,,
Synallaxis rutilans,Ave,Lista Roja de las Aves del Ecuador 2019,,not_found,no,,,
Synallaxis stictothorax,Ave,Lista Roja de las Aves del Ecuador 2019,,not_found,no,,,
Synallaxis tithys solo,Ave,Lista Roja de las Aves del Ecuador 2019,,not_found,no,,,
Synallaxis unirufa,Ave,Lista Roja de las Aves del Ecuador 2019,,not_found,no,,,
Syndactyla ruficollis,Ave,Lista Roja de las Aves del Ecuador 2019,,not_found,no,,,
Syndactyla rufosuperciliata,Ave,Lista Roja de las Aves del Ecuador 2019,,not_found,no,,,
Syndactyla subalaris,Ave,Lista Roja de las Aves del Ecuador 2019,,not_found,no,,,
Syrigma sibilatrix,Ave,Lista Roja de las Aves del Ecuador 2019,,direct_model_species,yes,blocked by allow-list,whistling heron,813a91f3-65e2-4866-ae08-dffa7ad8f267;aves;pelecaniformes;ardeidae;syrigma;sibilatrix;whistling heron
Systellura longirostris,Ave,Lista Roja de las Aves del Ecuador 2019,,not_found,no,,,
Tachornis squamata,Ave,Lista Roja de las Aves del Ecuador 2019,,not_found,no,,,
Tachybaptus dominicus,Ave,Lista Roja de las Aves del Ecuador 2019,,not_found,no,,,
Tachycineta albiventer,Ave,Lista Roja de las Aves del Ecuador 2019,,not_found,no,,,
Tachycineta bicolor,Ave,Lista Roja de las Aves del Ecuador 2019,,not_found,no,,,
Tachycineta stolzmanni,Ave,Lista Roja de las Aves del Ecuador 2019,,not_found,no,,,
Tachyphonus cristatus,Ave,Lista Roja de las Aves del Ecuador 2019,,not_found,no,,,
Tachyphonus delatrii,Ave,Lista Roja de las Aves del Ecuador 2019,,not_found,no,,,
Tachyphonus luctuosus,Ave,Lista Roja de las Aves del Ecuador 2019,,not_found,no,,,
Tachyphonus rufus,Ave,Lista Roja de las Aves del Ecuador 2019,,not_found,no,,,
Tachyphonus surinamus,Ave,Lista Roja de las Aves del Ecuador 2019,,not_found,no,,,
Tangara argyrofenges,Ave,Lista Roja de las Aves del Ecuador 2019,,not_found,no,,,
Tangara arthus,Ave,Lista Roja de las Aves del Ecuador 2019,,not_found,no,,,
Tangara callophrys,Ave,Lista Roja de las Aves del Ecuador 2019,,not_found,no,,,
Tangara chilensis,Ave,Lista Roja de las Aves del Ecuador 2019,,not_found,no,,,
Tangara chrysotis,Ave,Lista Roja de las Aves del Ecuador 2019,,not_found,no,,,
Tangara cyanicollis,Ave,Lista Roja de las Aves del Ecuador 2019,,not_found,no,,,
Tangara cyanotis,Ave,Lista Roja de las Aves del Ecuador 2019,,not_found,no,,,
Tangara florida,Ave,Lista Roja de las Aves del Ecuador 2019,,not_found,no,,,
Tangara guttata,Ave,Lista Roja de las Aves del Ecuador 2019,,not_found,no,,,
Tangara gyrola,Ave,Lista Roja de las Aves del Ecuador 2019,,not_found,no,,,
Tangara heinei,Ave,Lista Roja de las Aves del Ecuador 2019,,not_found,no,,,
Tangara icterocephala,Ave,Lista Roja de las Aves del Ecuador 2019,,not_found,no,,,
Tangara johannae,Ave,Lista Roja de las Aves del Ecuador 2019,,not_found,no,,,
Tangara labradorides,Ave,Lista Roja de las Aves del Ecuador 2019,,not_found,no,,,
Tangara larvata,Ave,Lista Roja de las Aves del Ecuador 2019,,not_found,no,,,
Tangara lavinia,Ave,Lista Roja de las Aves del Ecuador 2019,,not_found,no,,,
Tangara mexicana,Ave,Lista Roja de las Aves del Ecuador 2019,,not_found,no,,,
Tangara nigrocincta,Ave,Lista Roja de las Aves del Ecuador 2019,,not_found,no,,,
Tangara nigroviridis,Ave,Lista Roja de las Aves del Ecuador 2019,,not_found,no,,,
Tangara palmeri,Ave,Lista Roja de las Aves del Ecuador 2019,,not_found,no,,,
Tangara parzudakii,Ave,Lista Roja de las Aves del Ecuador 2019,,not_found,no,,,
Tangara punctata,Ave,Lista Roja de las Aves del Ecuador 2019,,not_found,no,,,
Tangara ruficervix,Ave,Lista Roja de las Aves del Ecuador 2019,,not_found,no,,,
Tangara rufigula,Ave,Lista Roja de las Aves del Ecuador 2019,,not_found,no,,,
Tangara schrankii,Ave,Lista Roja de las Aves del Ecuador 2019,,not_found,no,,,
Tangara vassorii,Ave,Lista Roja de las Aves del Ecuador 2019,,direct_model_species,yes,allowed,blue-and-black tanager,d7932d79-76f4-4081-941b-7941af51539c;aves;passeriformes;thraupidae;tangara;vassorii;blue-and-black tanager
Tangara velia,Ave,Lista Roja de las Aves del Ecuador 2019,,not_found,no,,,
Tangara viridicollis,Ave,Lista Roja de las Aves del Ecuador 2019,,not_found,no,,,
Tangara vitriolina,Ave,Lista Roja de las Aves del Ecuador 2019,,not_found,no,,,
Tangara xanthocephala,Ave,Lista Roja de las Aves del Ecuador 2019,,not_found,no,,,
Tangara xanthogastra,Ave,Lista Roja de las Aves del Ecuador 2019,,not_found,no,,,
Tapera naevia,Ave,Lista Roja de las Aves del Ecuador 2019,,direct_model_species,yes,allowed,striped cuckoo,d64767c7-1f45-41d6-8706-32a427579d3b;aves;cuculiformes;cuculidae;tapera;naevia;striped cuckoo
Taphrospilus hypostictus,Ave,Lista Roja de las Aves del Ecuador 2019,,not_found,no,,,
Taraba major,Ave,Lista Roja de las Aves del Ecuador 2019,,direct_model_species,yes,allowed,great antshrike,05a9817a-60ad-460f-8448-018a38090858;aves;passeriformes;thamnophilidae;taraba;major;great antshrike
Terenotriccus erythrurus,Ave,Lista Roja de las Aves del Ecuador 2019,,not_found,no,,,
Tersina viridis,Ave,Lista Roja de las Aves del Ecuador 2019,,not_found,no,,,
Thalassarche bulleri,Ave,Lista Roja de las Aves del Ecuador 2019,,not_found,no,,,
Thalassarche melanophris,Ave,Lista Roja de las Aves del Ecuador 2019,,not_found,no,,,
Thalassarche salvini,Ave,Lista Roja de las Aves del Ecuador 2019,,not_found,no,,,
Thalasseus elegans,Ave,Lista Roja de las Aves del Ecuador 2019,,not_found,no,,,
Thalasseus maximus,Ave,Lista Roja de las Aves del Ecuador 2019,,not_found,no,,,
Thalasseus sandvicensis,Ave,Lista Roja de las Aves del Ecuador 2019,,not_found,no,,,
Thalurania colombica,Ave,Lista Roja de las Aves del Ecuador 2019,,not_found,no,,,
Thalurania furcata,Ave,Lista Roja de las Aves del Ecuador 2019,,not_found,no,,,
Thamnistes anabatinus,Ave,Lista Roja de las Aves del Ecuador 2019,,not_found,no,,,
Thamnomanes ardesiacus,Ave,Lista Roja de las Aves del Ecuador 2019,,not_found,no,,,
Thamnomanes caesius,Ave,Lista Roja de las Aves del Ecuador 2019,,not_found,no,,,
Thamnophilus aethiops,Ave,Lista Roja de las Aves del Ecuador 2019,,not_found,no,,,
Thamnophilus amazonicus,Ave,Lista Roja de las Aves del Ecuador 2019,,not_found,no,,,
Thamnophilus atrinucha,Ave,Lista Roja de las Aves del Ecuador 2019,,not_found,no,,,
Thamnophilus bernardi,Ave,Lista Roja de las Aves del Ecuador 2019,,not_found,no,,,
Thamnophilus cryptoleucus,Ave,Lista Roja de las Aves del Ecuador 2019,,not_found,no,,,
Thamnophilus doliatus,Ave,Lista Roja de las Aves del Ecuador 2019,,not_found,no,,,
Thamnophilus murinus,Ave,Lista Roja de las Aves del Ecuador 2019,,not_found,no,,,
Thamnophilus praecox,Ave,Lista Roja de las Aves del Ecuador 2019,,not_found,no,,,
Thamnophilus punctatus,Ave,Lista Roja de las Aves del Ecuador 2019,,not_found,no,,,
Thamnophilus schistaceus,Ave,Lista Roja de las Aves del Ecuador 2019,,not_found,no,,,
Thamnophilus tenuepunctatus,Ave,Lista Roja de las Aves del Ecuador 2019,,not_found,no,,,
Thamnophilus unicolor,Ave,Lista Roja de las Aves del Ecuador 2019,,not_found,no,,,
Thamnophilus zarumae,Ave,Lista Roja de las Aves del Ecuador 2019,,not_found,no,,,
Thaumastura cora,Ave,Lista Roja de las Aves del Ecuador 2019,,not_found,no,,,
The application,Ave,Lista Roja de las Aves del Ecuador 2019,,not_found,no,,,
The birds,Ave,Lista Roja de las Aves del Ecuador 2019,,not_found,no,,,
Theristicus melanopis,Ave,Lista Roja de las Aves del Ecuador 2019,,not_found,no,,,
Thinocorus rumicivorus,Ave,Lista Roja de las Aves del Ecuador 2019,,not_found,no,,,
Thlypopsis inornata,Ave,Lista Roja de las Aves del Ecuador 2019,,not_found,no,,,
Thlypopsis ornata,Ave,Lista Roja de las Aves del Ecuador 2019,,not_found,no,,,
Thlypopsis sordida,Ave,Lista Roja de las Aves del Ecuador 2019,,not_found,no,,,
Thraupis cyanocephala,Ave,Lista Roja de las Aves del Ecuador 2019,,not_found,no,,,
Thraupis episcopus,Ave,Lista Roja de las Aves del Ecuador 2019,,not_found,no,,,
Thraupis palmarum,Ave,Lista Roja de las Aves del Ecuador 2019,,not_found,no,,,
Threats and vision,Ave,Lista Roja de las Aves del Ecuador 2019,,not_found,no,,,
Threnetes leucurus,Ave,Lista Roja de las Aves del Ecuador 2019,,not_found,no,,,
Threnetes ruckeri,Ave,Lista Roja de las Aves del Ecuador 2019,,not_found,no,,,
Thripadectes flammulatus,Ave,Lista Roja de las Aves del Ecuador 2019,,not_found,no,,,
Thripadectes holostictus,Ave,Lista Roja de las Aves del Ecuador 2019,,not_found,no,,,
Thripadectes ignobilis,Ave,Lista Roja de las Aves del Ecuador 2019,,not_found,no,,,
Thripadectes melanorhynchus,Ave,Lista Roja de las Aves del Ecuador 2019,,not_found,no,,,
Thripadectes virgaticeps,Ave,Lista Roja de las Aves del Ecuador 2019,,not_found,no,,,
Thripophaga fusciceps,Ave,Lista Roja de las Aves del Ecuador 2019,,not_found,no,,,
Tiaris obscurus,Ave,Lista Roja de las Aves del Ecuador 2019,,not_found,no,,,
Tiaris olivaceus,Ave,Lista Roja de las Aves del Ecuador 2019,,not_found,no,,,
Tigrisoma fasciatum,Ave,Lista Roja de las Aves del Ecuador 2019,,direct_model_species,yes,allowed,fasciated tiger-heron,f2b6ce36-6add-4219-b6f5-ebaec712b72b;aves;pelecaniformes;ardeidae;tigrisoma;fasciatum;fasciated tiger-heron
Tigrisoma lineatum,Ave,Lista Roja de las Aves del Ecuador 2019,,direct_model_species,yes,allowed,rufescent tiger-heron,1110460b-7f99-405b-a9b0-65a09ecccca1;aves;pelecaniformes;ardeidae;tigrisoma;lineatum;rufescent tiger-heron
Tinamus guttatus,Ave,Lista Roja de las Aves del Ecuador 2019,,direct_model_species,yes,allowed,white-throated tinamou,f19382b7-01ce-431b-a931-ad0e215aa796;aves;struthioniformes;tinamidae;tinamus;guttatus;white-throated tinamou
Tinamus major,Ave,Lista Roja de las Aves del Ecuador 2019,,direct_model_species,yes,allowed,great tinamou,75760d64-d7a3-496e-b338-e14d97383ecf;aves;struthioniformes;tinamidae;tinamus;major;great tinamou
Tinamus osgoodi,Ave,Lista Roja de las Aves del Ecuador 2019,,not_found,no,,,
Tinamus tao,Ave,Lista Roja de las Aves del Ecuador 2019,,direct_model_species,yes,allowed,grey tinamou,f4cd3882-a15c-4c12-8731-aabc0dce51ec;aves;struthioniformes;tinamidae;tinamus;tao;grey tinamou
Tityra cayana,Ave,Lista Roja de las Aves del Ecuador 2019,,not_found,no,,,
Tityra inquisitor,Ave,Lista Roja de las Aves del Ecuador 2019,,not_found,no,,,
Tityra semifasciata,Ave,Lista Roja de las Aves del Ecuador 2019,,not_found,no,,,
Todirostrum chrysocrotaphum,Ave,Lista Roja de las Aves del Ecuador 2019,,not_found,no,,,
Todirostrum cinereum,Ave,Lista Roja de las Aves del Ecuador 2019,,not_found,no,,,
Todirostrum maculatum,Ave,Lista Roja de las Aves del Ecuador 2019,,not_found,no,,,
Todirostrum nigriceps,Ave,Lista Roja de las Aves del Ecuador 2019,,not_found,no,,,
Tolmomyias assimilis,Ave,Lista Roja de las Aves del Ecuador 2019,,not_found,no,,,
Tolmomyias flaviventris,Ave,Lista Roja de las Aves del Ecuador 2019,,not_found,no,,,
Tolmomyias poliocephalus,Ave,Lista Roja de las Aves del Ecuador 2019,,not_found,no,,,
Tolmomyias sulphurescens,Ave,Lista Roja de las Aves del Ecuador 2019,,not_found,no,,,
Tolmomyias traylori,Ave,Lista Roja de las Aves del Ecuador 2019,,not_found,no,,,
Topaza pyra,Ave,Lista Roja de las Aves del Ecuador 2019,,not_found,no,,,
Touit dilectissimus,Ave,Lista Roja de las Aves del Ecuador 2019,,not_found,no,,,
Touit huetii,Ave,Lista Roja de las Aves del Ecuador 2019,,not_found,no,,,
Touit purpuratus,Ave,Lista Roja de las Aves del Ecuador 2019,,not_found,no,,,
Touit stictopterus,Ave,Lista Roja de las Aves del Ecuador 2019,,not_found,no,,,
Tringa flavipes,Ave,Lista Roja de las Aves del Ecuador 2019,,not_found,no,,,
Tringa incana,Ave,Lista Roja de las Aves del Ecuador 2019,,not_found,no,,,
Tringa melanoleuca,Ave,Lista Roja de las Aves del Ecuador 2019,,direct_model_species,yes,blocked by allow-list,greater yellowlegs,4325d580-8a3e-4bd8-a705-be1fe9230fe3;aves;charadriiformes;scolopacidae;tringa;melanoleuca;greater yellowlegs
Tringa semipalmata,Ave,Lista Roja de las Aves del Ecuador 2019,,direct_model_species,yes,allowed,willet,990d0d09-d362-428c-b25d-82f454ac61d6;aves;charadriiformes;scolopacidae;tringa;semipalmata;willet
Tringa solitaria,Ave,Lista Roja de las Aves del Ecuador 2019,,direct_model_species,yes,allowed,solitary sandpiper,a03d4cb1-8ada-4629-9dc8-9a773230266f;aves;charadriiformes;scolopacidae;tringa;solitaria;solitary sandpiper
Troglodytes aedon,Ave,Lista Roja de las Aves del Ecuador 2019,,direct_model_species,yes,allowed,house wren,31bb4591-949a-45f0-8ddb-63cf08188ec8;aves;passeriformes;troglodytidae;troglodytes;aedon;house wren
Troglodytes solstitialis,Ave,Lista Roja de las Aves del Ecuador 2019,,not_found,no,,,
Trogon caligatus,Ave,Lista Roja de las Aves del Ecuador 2019,,not_found,no,,,
Trogon chionurus,Ave,Lista Roja de las Aves del Ecuador 2019,,not_found,no,,,
Trogon collaris,Ave,Lista Roja de las Aves del Ecuador 2019,,not_found,no,,,
Trogon comptus,Ave,Lista Roja de las Aves del Ecuador 2019,,not_found,no,,,
Trogon curucui,Ave,Lista Roja de las Aves del Ecuador 2019,,not_found,no,,,
Trogon massena,Ave,Lista Roja de las Aves del Ecuador 2019,,not_found,no,,,
Trogon melanurus,Ave,Lista Roja de las Aves del Ecuador 2019,,not_found,no,,,
Trogon mesurus,Ave,Lista Roja de las Aves del Ecuador 2019,,not_found,no,,,
Trogon personatus,Ave,Lista Roja de las Aves del Ecuador 2019,,not_found,no,,,
Trogon ramonianus,Ave,Lista Roja de las Aves del Ecuador 2019,,not_found,no,,,
Trogon rufus,Ave,Lista Roja de las Aves del Ecuador 2019,,not_found,no,,,
Trogon viridis,Ave,Lista Roja de las Aves del Ecuador 2019,,not_found,no,,,
Tumbezia salvini,Ave,Lista Roja de las Aves del Ecuador 2019,,not_found,no,,,
Tunchiornis ochraceiceps,Ave,Lista Roja de las Aves del Ecuador 2019,,not_found,no,,,
Turdus albicollis,Ave,Lista Roja de las Aves del Ecuador 2019,,direct_model_species,yes,allowed,white-necked thrush,99e6920a-b5a2-45f1-a503-979d7497f885;aves;passeriformes;turdidae;turdus;albicollis;white-necked thrush
Turdus assimilis,Ave,Lista Roja de las Aves del Ecuador 2019,,not_found,no,,,
Turdus chiguanco,Ave,Lista Roja de las Aves del Ecuador 2019,,direct_model_species,yes,allowed,chiguanco thrush,a0851922-3f16-4fde-a72a-063cada1c401;aves;passeriformes;turdidae;turdus;chiguanco;chiguanco thrush
Turdus fulviventris,Ave,Lista Roja de las Aves del Ecuador 2019,,direct_model_species,yes,allowed,chestnut-bellied thrush,d98eb1e5-0bcf-4e0a-a3c1-e275f422cd1a;aves;passeriformes;turdidae;turdus;fulviventris;chestnut-bellied thrush
Turdus fuscater,Ave,Lista Roja de las Aves del Ecuador 2019,,direct_model_species,yes,allowed,great thrush,a1b2e45b-6191-4584-80aa-bf7c5503f589;aves;passeriformes;turdidae;turdus;fuscater;great thrush
Turdus hauxwelli,Ave,Lista Roja de las Aves del Ecuador 2019,,direct_model_species,yes,allowed,hauxwell's thrush,f01fbd98-bc20-486d-9355-107865e7db82;aves;passeriformes;turdidae;turdus;hauxwelli;hauxwell's thrush
Turdus ignobilis,Ave,Lista Roja de las Aves del Ecuador 2019,,direct_model_species,yes,allowed,black-billed thrush,8f15bd68-c6ce-46d6-8c85-a32d62d8095b;aves;passeriformes;turdidae;turdus;ignobilis;black-billed thrush
Turdus lawrencii,Ave,Lista Roja de las Aves del Ecuador 2019,,not_found,no,,,
Turdus leucops,Ave,Lista Roja de las Aves del Ecuador 2019,,not_found,no,,,
Turdus maculirostris,Ave,Lista Roja de las Aves del Ecuador 2019,,not_found,no,,,
Turdus maranonicus,Ave,Lista Roja de las Aves del Ecuador 2019,,not_found,no,,,
Turdus nigriceps,Ave,Lista Roja de las Aves del Ecuador 2019,,not_found,no,,,
Turdus obsoletus,Ave,Lista Roja de las Aves del Ecuador 2019,,not_found,no,,,
Turdus reevei,Ave,Lista Roja de las Aves del Ecuador 2019,,not_found,no,,,
Turdus serranus,Ave,Lista Roja de las Aves del Ecuador 2019,,direct_model_species,yes,allowed,glossy-black thrush,f0df844b-6fc5-45ac-87dc-0d1742ec9cef;aves;passeriformes;turdidae;turdus;serranus;glossy-black thrush
Tyranneutes stolzmanni,Ave,Lista Roja de las Aves del Ecuador 2019,,not_found,no,,,
Tyrannopsis sulphurea,Ave,Lista Roja de las Aves del Ecuador 2019,,not_found,no,,,
Tyrannulus elatus,Ave,Lista Roja de las Aves del Ecuador 2019,,not_found,no,,,
Tyrannus albogularis,Ave,Lista Roja de las Aves del Ecuador 2019,,not_found,no,,,
Tyrannus dominicensis,Ave,Lista Roja de las Aves del Ecuador 2019,,not_found,no,,,
Tyrannus melancholicus,Ave,Lista Roja de las Aves del Ecuador 2019,,direct_model_species,yes,allowed,tropical kingbird,27da4dd4-8f5b-4ba2-9dcc-e7438cfe1292;aves;passeriformes;tyrannidae;tyrannus;melancholicus;tropical kingbird
Tyrannus niveigularis,Ave,Lista Roja de las Aves del Ecuador 2019,,not_found,no,,,
Tyrannus savana,Ave,Lista Roja de las Aves del Ecuador 2019,,direct_model_species,yes,allowed,fork-tailed flycatcher,1b586c96-92bb-4853-b02c-f4ca2edd9a21;aves;passeriformes;tyrannidae;tyrannus;savana;fork-tailed flycatcher
Tyrannus tyrannus,Ave,Lista Roja de las Aves del Ecuador 2019,,direct_model_species,yes,allowed,eastern kingbird,cf847d0a-a8f7-46b4-babf-4bad5968e32c;aves;passeriformes;tyrannidae;tyrannus;tyrannus;eastern kingbird
Tyto alba,Ave,Lista Roja de las Aves del Ecuador 2019,,direct_model_species,yes,allowed,common barn owl,2fd91d27-9832-4332-989a-3f90844cd362;aves;strigiformes;tytonidae;tyto;alba;common barn owl
Tyto alba punctatissima,Ave,Lista Roja de las Aves del Ecuador 2019,,binomial_model_species,yes,allowed,common barn owl,2fd91d27-9832-4332-989a-3f90844cd362;aves;strigiformes;tytonidae;tyto;alba;common barn owl
Unidas para,Ave,Lista Roja de las Aves del Ecuador 2019,,not_found,no,,,
Urochroa bougueri,Ave,Lista Roja de las Aves del Ecuador 2019,,not_found,no,,,
Uromyias agilis,Ave,Lista Roja de las Aves del Ecuador 2019,,not_found,no,,,
Uropsalis lyra,Ave,Lista Roja de las Aves del Ecuador 2019,,not_found,no,,,
Uropsalis segmentata,Ave,Lista Roja de las Aves del Ecuador 2019,,not_found,no,,,
Urosticte benjamini,Ave,Lista Roja de las Aves del Ecuador 2019,,not_found,no,,,
Urosticte ruficrissa,Ave,Lista Roja de las Aves del Ecuador 2019,,not_found,no,,,
Urothraupis stolzmanni,Ave,Lista Roja de las Aves del Ecuador 2019,,not_found,no,,,
Utilizamos las siguientes,Ave,Lista Roja de las Aves del Ecuador 2019,,not_found,no,,,
Vanellus cayanus,Ave,Lista Roja de las Aves del Ecuador 2019,,not_found,no,,,
Vanellus chilensis,Ave,Lista Roja de las Aves del Ecuador 2019,,not_found,no,,,
Vanellus resplendens,Ave,Lista Roja de las Aves del Ecuador 2019,,not_found,no,,,
Varios autores han,Ave,Lista Roja de las Aves del Ecuador 2019,,not_found,no,,,
Veniliornis affinis,Ave,Lista Roja de las Aves del Ecuador 2019,,not_found,no,,,
Veniliornis callonotus,Ave,Lista Roja de las Aves del Ecuador 2019,,not_found,no,,,
Veniliornis chocoensis,Ave,Lista Roja de las Aves del Ecuador 2019,,not_found,no,,,
Veniliornis dignus,Ave,Lista Roja de las Aves del Ecuador 2019,,not_found,no,,,
Veniliornis kirkii,Ave,Lista Roja de las Aves del Ecuador 2019,,not_found,no,,,
Veniliornis nigriceps,Ave,Lista Roja de las Aves del Ecuador 2019,,not_found,no,,,
Veniliornis passerinus,Ave,Lista Roja de las Aves del Ecuador 2019,,not_found,no,,,
Vermivora chrysoptera,Ave,Lista Roja de las Aves del Ecuador 2019,,not_found,no,,,
View publication,Ave,Lista Roja de las Aves del Ecuador 2019,,not_found,no,,,
Vireo flavifrons,Ave,Lista Roja de las Aves del Ecuador 2019,,not_found,no,,,
Vireo flavoviridis,Ave,Lista Roja de las Aves del Ecuador 2019,,not_found,no,,,
Vireo gilvus,Ave,Lista Roja de las Aves del Ecuador 2019,,not_found,no,,,
Vireo leucophrys,Ave,Lista Roja de las Aves del Ecuador 2019,,not_found,no,,,
Vireo masteri,Ave,Lista Roja de las Aves del Ecuador 2019,,not_found,no,,,
Vireo olivaceus,Ave,Lista Roja de las Aves del Ecuador 2019,,not_found,no,,,
Vireo philadelphicus,Ave,Lista Roja de las Aves del Ecuador 2019,,not_found,no,,,
Vireolanius leucotis,Ave,Lista Roja de las Aves del Ecuador 2019,,not_found,no,,,
Volatinia jacarina,Ave,Lista Roja de las Aves del Ecuador 2019,,direct_model_species,yes,allowed,blue-black grassquit,aa94ae54-dbb1-4daa-9ac9-6c93707292e8;aves;passeriformes;thraupidae;volatinia;jacarina;blue-black grassquit
Vultur gryphus,Ave,Lista Roja de las Aves del Ecuador 2019,,direct_model_species,yes,allowed,andean condor,a40973b6-d1d1-4552-ab07-7402f3219fe2;aves;cathartiformes;cathartidae;vultur;gryphus;andean condor
Wetmorethraupis sterrhopteron,Ave,Lista Roja de las Aves del Ecuador 2019,,not_found,no,,,
Willisornis poecilinotus,Ave,Lista Roja de las Aves del Ecuador 2019,,not_found,no,,,
Xema sabini,Ave,Lista Roja de las Aves del Ecuador 2019,,not_found,no,,,
Xenerpestes minlosi,Ave,Lista Roja de las Aves del Ecuador 2019,,not_found,no,,,
Xenerpestes singularis,Ave,Lista Roja de las Aves del Ecuador 2019,,not_found,no,,,
Xenodacnis parina,Ave,Lista Roja de las Aves del Ecuador 2019,,not_found,no,,,
Xenops minutus,Ave,Lista Roja de las Aves del Ecuador 2019,,not_found,no,,,
Xenops rutilans,Ave,Lista Roja de las Aves del Ecuador 2019,,not_found,no,,,
Xenops tenuirostris,Ave,Lista Roja de las Aves del Ecuador 2019,,not_found,no,,,
Xiphocolaptes promeropirhynchus,Ave,Lista Roja de las Aves del Ecuador 2019,,not_found,no,,,
Xipholena punicea,Ave,Lista Roja de las Aves del Ecuador 2019,,not_found,no,,,
Xiphorhynchus elegans,Ave,Lista Roja de las Aves del Ecuador 2019,,not_found,no,,,
Xiphorhynchus erythropygius,Ave,Lista Roja de las Aves del Ecuador 2019,,not_found,no,,,
Xiphorhynchus guttatus,Ave,Lista Roja de las Aves del Ecuador 2019,,not_found,no,,,
Xiphorhynchus lachrymosus,Ave,Lista Roja de las Aves del Ecuador 2019,,not_found,no,,,
Xiphorhynchus obsoletus,Ave,Lista Roja de las Aves del Ecuador 2019,,not_found,no,,,
Xiphorhynchus ocellatus,Ave,Lista Roja de las Aves del Ecuador 2019,,not_found,no,,,
Xiphorhynchus triangularis,Ave,Lista Roja de las Aves del Ecuador 2019,,not_found,no,,,
Zebrilus undulatus,Ave,Lista Roja de las Aves del Ecuador 2019,,not_found,no,,,
Zenaida auriculata,Ave,Lista Roja de las Aves del Ecuador 2019,,not_found,no,,,
Zenaida galapagoensis,Ave,Lista Roja de las Aves del Ecuador 2019,,not_found,no,,,
Zenaida meloda,Ave,Lista Roja de las Aves del Ecuador 2019,,not_found,no,,,
Zentrygon frenata,Ave,Lista Roja de las Aves del Ecuador 2019,,direct_model_species,yes,allowed,white-throated quail-dove,52083b01-2152-4740-8178-3a0ca19ffc47;aves;columbiformes;columbidae;zentrygon;frenata;white-throated quail-dove
Zimmerius albigularis,Ave,Lista Roja de las Aves del Ecuador 2019,,not_found,no,,,
Zimmerius chrysops,Ave,Lista Roja de las Aves del Ecuador 2019,,not_found,no,,,
Zimmerius cinereicapilla,Ave,Lista Roja de las Aves del Ecuador 2019,,not_found,no,,,
Zimmerius gracilipes,Ave,Lista Roja de las Aves del Ecuador 2019,,not_found,no,,,
Zonotrichia capensis,Ave,Lista Roja de las Aves del Ecuador 2019,,direct_model_species,yes,allowed,rufous-collared sparrow,27f96ebc-1fff-40e3-8bc8-af1715325695;aves;passeriformes;passerellidae;zonotrichia;capensis;rufous-collared sparrow
Aegialomys baroni,Mamifero,Mamíferos del Ecuador 2023.2,,not_found,no,,,
Aegialomys galapagoensis,Mamifero,Mamíferos del Ecuador 2023.2,,not_found,no,,,
Aegialomys xanthaeolus,Mamifero,Mamíferos del Ecuador 2023.2,,not_found,no,,,
Aeorestes villosissimus,Mamifero,Mamíferos del Ecuador 2023.2,,not_found,no,,,
Akodon aerosus,Mamifero,Mamíferos del Ecuador 2023.2,,not_found,no,,,
Akodon mollis,Mamifero,Mamíferos del Ecuador 2023.2,,not_found,no,,,
Alouatta palliata,Mamifero,Mamíferos del Ecuador 2023.2,,direct_model_species,yes,allowed,mantled howler monkey,6bdf206b-1c00-4c74-8782-b3f7552fc655;mammalia;primates;atelidae;alouatta;palliata;mantled howler monkey
Alouatta seniculus,Mamifero,Mamíferos del Ecuador 2023.2,,direct_model_species,yes,allowed,colombian red howler monkey,14093e38-99db-4b99-ba88-0e9c1ce098f0;mammalia;primates;atelidae;alouatta;seniculus;colombian red howler monkey
Amorphochilus schnablii,Mamifero,Mamíferos del Ecuador 2023.2,,not_found,no,,,
Amphinectomys savamis,Mamifero,Mamíferos del Ecuador 2023.2,,not_found,no,,,
Anotomys leander,Mamifero,Mamíferos del Ecuador 2023.2,,not_found,no,,,
Anoura aequatoris,Mamifero,Mamíferos del Ecuador 2023.2,,not_found,no,,,
Anoura caudifer,Mamifero,Mamíferos del Ecuador 2023.2,,not_found,no,,,
Anoura cultrata,Mamifero,Mamíferos del Ecuador 2023.2,,not_found,no,,,
Anoura fistulata,Mamifero,Mamíferos del Ecuador 2023.2,,not_found,no,,,
Anoura geoffroyi,Mamifero,Mamíferos del Ecuador 2023.2,,not_found,no,,,
Anoura peruana,Mamifero,Mamíferos del Ecuador 2023.2,,not_found,no,,,
Aotus lemurinus,Mamifero,Mamíferos del Ecuador 2023.2,,not_found,no,,,
Aotus vociferans,Mamifero,Mamíferos del Ecuador 2023.2,,direct_model_species,yes,allowed,spix's night monkey,11e7460d-4299-4916-bb2a-2a2caab02b29;mammalia;primates;aotidae;aotus;vociferans;spix's night monkey
Arctocephalus australis,Mamifero,Mamíferos del Ecuador 2023.2,,not_found,no,,,
Arctocephalus galapagoensis,Mamifero,Mamíferos del Ecuador 2023.2,,not_found,no,,,
Arctocephalus philippii,Mamifero,Mamíferos del Ecuador 2023.2,,not_found,no,,,
Arctocephalus townsendi,Mamifero,Mamíferos del Ecuador 2023.2,,not_found,no,,,
Artibeus aequatorialis,Mamifero,Mamíferos del Ecuador 2023.2,,not_found,no,,,
Artibeus concolor,Mamifero,Mamíferos del Ecuador 2023.2,,not_found,no,,,
Artibeus fraterculus,Mamifero,Mamíferos del Ecuador 2023.2,,not_found,no,,,
Artibeus lituratus,Mamifero,Mamíferos del Ecuador 2023.2,,not_found,no,,,
Artibeus obscurus,Mamifero,Mamíferos del Ecuador 2023.2,,not_found,no,,,
Artibeus planirostris,Mamifero,Mamíferos del Ecuador 2023.2,,not_found,no,,,
Ateles belzebuth,Mamifero,Mamíferos del Ecuador 2023.2,,direct_model_species,yes,allowed,white-bellied spider monkey,11cd447b-2067-4a30-8c43-b6172993f08c;mammalia;primates;atelidae;ateles;belzebuth;white-bellied spider monkey
Ateles fusciceps,Mamifero,Mamíferos del Ecuador 2023.2,,not_found,no,,,
Atelocynus microtis,Mamifero,Mamíferos del Ecuador 2023.2,,direct_model_species,yes,allowed,short-eared dog,db136c93-8ac0-49c6-82f2-e3ab8d3c2be1;mammalia;carnivora;canidae;atelocynus;microtis;short-eared dog
Balaenoptera acutorostrata,Mamifero,Mamíferos del Ecuador 2023.2,,not_found,no,,,
Balaenoptera bonaerensis,Mamifero,Mamíferos del Ecuador 2023.2,,not_found,no,,,
Balaenoptera borealis,Mamifero,Mamíferos del Ecuador 2023.2,,not_found,no,,,
Balaenoptera brydei,Mamifero,Mamíferos del Ecuador 2023.2,,not_found,no,,,
Balaenoptera musculus,Mamifero,Mamíferos del Ecuador 2023.2,,not_found,no,,,
Balaenoptera physalus,Mamifero,Mamíferos del Ecuador 2023.2,,not_found,no,,,
Balantiopteryx infusca,Mamifero,Mamíferos del Ecuador 2023.2,,not_found,no,,,
Bassaricyon alleni,Mamifero,Mamíferos del Ecuador 2023.2,,direct_model_species,yes,allowed,eastern lowland olingo,f8042d26-00a0-4dec-9d99-bb24c2bb1c7d;mammalia;carnivora;procyonidae;bassaricyon;alleni;eastern lowland olingo
Bassaricyon medius,Mamifero,Mamíferos del Ecuador 2023.2,,not_found,no,,,
Bassaricyon neblina,Mamifero,Mamíferos del Ecuador 2023.2,,not_found,no,,,
Bradypus variegatus,Mamifero,Mamíferos del Ecuador 2023.2,,direct_model_species,yes,allowed,brown-throated sloth,2713be86-5615-4576-b8a3-0e77bd0c16cb;mammalia;pilosa;bradypodidae;bradypus;variegatus;brown-throated sloth
Cabassous centralis,Mamifero,Mamíferos del Ecuador 2023.2,,direct_model_species,yes,allowed,northern naked-tailed armadillo,0f76d5eb-2c02-48ba-87e0-28f297e89e94;mammalia;cingulata;chlamyphoridae;cabassous;centralis;northern naked-tailed armadillo
Cabassous unicinctus,Mamifero,Mamíferos del Ecuador 2023.2,,direct_model_species,yes,allowed,southern naked-tailed armadillo,1ccdb5c3-88b4-498a-b8c8-0ff9fc5484c6;mammalia;cingulata;chlamyphoridae;cabassous;unicinctus;southern naked-tailed armadillo
Cabreramops aequatorianus,Mamifero,Mamíferos del Ecuador 2023.2,,not_found,no,,,
Caenolestes caniventer,Mamifero,Mamíferos del Ecuador 2023.2,,not_found,no,,,
Caenolestes condorensis,Mamifero,Mamíferos del Ecuador 2023.2,,not_found,no,,,
Caenolestes fuliginosus,Mamifero,Mamíferos del Ecuador 2023.2,,not_found,no,,,
Caenolestes sangay,Mamifero,Mamíferos del Ecuador 2023.2,,not_found,no,,,
Caluromys derbianus,Mamifero,Mamíferos del Ecuador 2023.2,,direct_model_species,yes,allowed,central american woolly opossum,1e2c064c-0f62-4cdf-bf7d-aa135140b1f2;mammalia;didelphimorphia;didelphidae;caluromys;derbianus;central american woolly opossum
Caluromys lanatus,Mamifero,Mamíferos del Ecuador 2023.2,,direct_model_species,yes,allowed,brown-eared woolly opossum,0697cbbf-d958-4bcd-9aea-117cbc5fceeb;mammalia;didelphimorphia;didelphidae;caluromys;lanatus;brown-eared woolly opossum
Carollia brevicauda,Mamifero,Mamíferos del Ecuador 2023.2,,not_found,no,,,
Carollia castanea,Mamifero,Mamíferos del Ecuador 2023.2,,not_found,no,,,
Carollia perspicillata,Mamifero,Mamíferos del Ecuador 2023.2,,not_found,no,,,
Cavia patzelti,Mamifero,Mamíferos del Ecuador 2023.2,,not_found,no,,,
Cavia porcellus,Mamifero,Mamíferos del Ecuador 2023.2,,not_found,no,,,
Cebuella niveiventris,Mamifero,Mamíferos del Ecuador 2023.2,,not_found,no,,,
Cebuella pygmaea,Mamifero,Mamíferos del Ecuador 2023.2,,not_found,no,,,
Cebus aequatorialis,Mamifero,Mamíferos del Ecuador 2023.2,,not_found,no,,,
Cebus capucinus,Mamifero,Mamíferos del Ecuador 2023.2,,direct_model_species,yes,allowed,colombian white-throated capuchin,42d30572-ccc4-4ddf-809d-83c047377161;mammalia;primates;cebidae;cebus;capucinus;colombian white-throated capuchin
Cebus yuracus,Mamifero,Mamíferos del Ecuador 2023.2,,direct_model_species,yes,allowed,andean white-fronted capuchin,c1295146-9df1-4204-9c9b-175a3bc987e5;mammalia;primates;cebidae;cebus;yuracus;andean white-fronted capuchin
Centronycteris centralis,Mamifero,Mamíferos del Ecuador 2023.2,,not_found,no,,,
Cerdocyon thous,Mamifero,Mamíferos del Ecuador 2023.2,,direct_model_species,yes,blocked by allow-list,crab-eating fox,a0d09a27-59c6-4a31-8b67-e0a6ec8c49f9;mammalia;carnivora;canidae;cerdocyon;thous;crab-eating fox
Cheracebus lucifer,Mamifero,Mamíferos del Ecuador 2023.2,,not_found,no,,,
Chilomys carapazi,Mamifero,Mamíferos del Ecuador 2023.2,,not_found,no,,,
Chilomys georgeledecii,Mamifero,Mamíferos del Ecuador 2023.2,,not_found,no,,,
Chilomys instans,Mamifero,Mamíferos del Ecuador 2023.2,,not_found,no,,,
Chilomys neisi,Mamifero,Mamíferos del Ecuador 2023.2,,not_found,no,,,
Chilomys percequilloi,Mamifero,Mamíferos del Ecuador 2023.2,,not_found,no,,,
Chilomys weksleri,Mamifero,Mamíferos del Ecuador 2023.2,,not_found,no,,,
Chiroderma gorgasi,Mamifero,Mamíferos del Ecuador 2023.2,,not_found,no,,,
Chiroderma salvini,Mamifero,Mamíferos del Ecuador 2023.2,,not_found,no,,,
Chiroderma trinitatum,Mamifero,Mamíferos del Ecuador 2023.2,,not_found,no,,,
Chiroderma villosum,Mamifero,Mamíferos del Ecuador 2023.2,,not_found,no,,,
Chironectes minimus,Mamifero,Mamíferos del Ecuador 2023.2,,direct_model_species,yes,allowed,water opossum,f23325b8-e5e5-41ec-9032-aed17664255e;mammalia;didelphimorphia;didelphidae;chironectes;minimus;water opossum
Choeroniscus minor,Mamifero,Mamíferos del Ecuador 2023.2,,not_found,no,,,
Choeroniscus periosus,Mamifero,Mamíferos del Ecuador 2023.2,,not_found,no,,,
Choloepus didactylus,Mamifero,Mamíferos del Ecuador 2023.2,,direct_model_species,yes,allowed,linné's two-toed sloth,bec186d5-350b-4eda-af3f-d9e3e9801df6;mammalia;pilosa;megalonychidae;choloepus;didactylus;linné's two-toed sloth
Choloepus hoffmanni,Mamifero,Mamíferos del Ecuador 2023.2,,direct_model_species,yes,allowed,hoffmann's two-toed sloth,4cf44b41-e2b7-49dc-8197-c66c6a969614;mammalia;pilosa;megalonychidae;choloepus;hoffmanni;hoffmann's two-toed sloth
Chrotopterus auritus,Mamifero,Mamíferos del Ecuador 2023.2,,not_found,no,,,
Coendou ichillus,Mamifero,Mamíferos del Ecuador 2023.2,,not_found,no,,,
Coendou longicaudatus,Mamifero,Mamíferos del Ecuador 2023.2,,not_found,no,,,
Coendou quichua,Mamifero,Mamíferos del Ecuador 2023.2,,direct_model_species,yes,allowed,coendou quichua,3741b7b2-b447-4a55-a20e-dd9bbfeffbf3;mammalia;rodentia;erethizontidae;coendou;quichua;coendou quichua
Coendou rufescens,Mamifero,Mamíferos del Ecuador 2023.2,,direct_model_species,yes,allowed,stump-tailed porcupine,b2af28b4-e1f4-416a-b872-90e5262ed778;mammalia;rodentia;erethizontidae;coendou;rufescens;stump-tailed porcupine
Conepatus semistriatus,Mamifero,Mamíferos del Ecuador 2023.2,,direct_model_species,yes,allowed,striped hog-nosed skunk,ff28e3a2-9c5e-4697-b949-4ff2f9153ea8;mammalia;carnivora;mephitidae;conepatus;semistriatus;striped hog-nosed skunk
Cormura brevirostris,Mamifero,Mamíferos del Ecuador 2023.2,,not_found,no,,,
Cryptotis equatoris,Mamifero,Mamíferos del Ecuador 2023.2,,not_found,no,,,
Cryptotis montivagus,Mamifero,Mamíferos del Ecuador 2023.2,,not_found,no,,,
Cryptotis niausa,Mamifero,Mamíferos del Ecuador 2023.2,,not_found,no,,,
Cryptotis osgoodi,Mamifero,Mamíferos del Ecuador 2023.2,,not_found,no,,,
Cuniculus paca,Mamifero,Mamíferos del Ecuador 2023.2,,direct_model_species,yes,allowed,spotted paca,32c0147f-1967-4644-b107-8133ae1f020a;mammalia;rodentia;cuniculidae;cuniculus;paca;spotted paca
Cuniculus taczanowskii,Mamifero,Mamíferos del Ecuador 2023.2,,direct_model_species,yes,allowed,mountain paca,871ffea0-e0f3-4739-ac7f-4375aeeca8e0;mammalia;rodentia;cuniculidae;cuniculus;taczanowskii;mountain paca
Cyclopes dorsalis,Mamifero,Mamíferos del Ecuador 2023.2,,not_found,no,,,
Cyclopes ida,Mamifero,Mamíferos del Ecuador 2023.2,,not_found,no,,,
Cynomops kuizha,Mamifero,Mamíferos del Ecuador 2023.2,,not_found,no,,,
Cynomops mastivus,Mamifero,Mamíferos del Ecuador 2023.2,,not_found,no,,,
Cynomops tonkigui,Mamifero,Mamíferos del Ecuador 2023.2,,not_found,no,,,
Dactylomys dactylinus,Mamifero,Mamíferos del Ecuador 2023.2,,not_found,no,,,
Daptomys peruviensis,Mamifero,Mamíferos del Ecuador 2023.2,,not_found,no,,,
Dasyprocta fuliginosa,Mamifero,Mamíferos del Ecuador 2023.2,,direct_model_species,yes,allowed,black agouti,d62cd43d-a519-4cd5-aef2-b76ae4bd16c1;mammalia;rodentia;dasyproctidae;dasyprocta;fuliginosa;black agouti
Dasyprocta punctata,Mamifero,Mamíferos del Ecuador 2023.2,,direct_model_species,yes,allowed,central american agouti,527c9d88-4d7d-4406-add9-c0a823697926;mammalia;rodentia;dasyproctidae;dasyprocta;punctata;central american agouti
Dasypterus ega,Mamifero,Mamíferos del Ecuador 2023.2,,not_found,no,,,
Dasypus novemcinctus,Mamifero,Mamíferos del Ecuador 2023.2,,direct_model_species,yes,allowed,nine-banded armadillo,07843615-e1fc-49d8-9821-fd1d7ff2e773;mammalia;cingulata;dasypodidae;dasypus;novemcinctus;nine-banded armadillo
Dasypus pastasae,Mamifero,Mamíferos del Ecuador 2023.2,,not_found,no,,,
Delphinus delphis,Mamifero,Mamíferos del Ecuador 2023.2,,not_found,no,,,
Dermanura anderseni,Mamifero,Mamíferos del Ecuador 2023.2,,not_found,no,,,
Dermanura glauca,Mamifero,Mamíferos del Ecuador 2023.2,,not_found,no,,,
Dermanura gnoma,Mamifero,Mamíferos del Ecuador 2023.2,,not_found,no,,,
Dermanura rava,Mamifero,Mamíferos del Ecuador 2023.2,,not_found,no,,,
Dermanura rosenbergi,Mamifero,Mamíferos del Ecuador 2023.2,,not_found,no,,,
Desmodus rotundus,Mamifero,Mamíferos del Ecuador 2023.2,,direct_model_species,yes,allowed,vampire bat,4e7cbfc9-8404-47ba-8c43-0105946add41;mammalia;chiroptera;phyllostomidae;desmodus;rotundus;vampire bat
Diaemus youngii,Mamifero,Mamíferos del Ecuador 2023.2,,not_found,no,,,
Diclidurus albus,Mamifero,Mamíferos del Ecuador 2023.2,,not_found,no,,,
Diclidurus scutatus,Mamifero,Mamíferos del Ecuador 2023.2,,not_found,no,,,
Dicotyles tajacu,Mamifero,Mamíferos del Ecuador 2023.2,,not_found,no,,,
Didelphis marsupialis,Mamifero,Mamíferos del Ecuador 2023.2,,direct_model_species,yes,allowed,common opossum,4ac36fff-912b-467a-8dab-95ee49d26787;mammalia;didelphimorphia;didelphidae;didelphis;marsupialis;common opossum
Didelphis pernigra,Mamifero,Mamíferos del Ecuador 2023.2,,direct_model_species,yes,allowed,andean white-eared opossum,d4a15eb4-1c47-4b90-8e3f-15fb51dc07e8;mammalia;didelphimorphia;didelphidae;didelphis;pernigra;andean white-eared opossum
Dinomys branickii,Mamifero,Mamíferos del Ecuador 2023.2,,direct_model_species,yes,allowed,pacarana,485e93d1-fe8f-4e3f-9dd6-1f29390c20d7;mammalia;rodentia;dinomyidae;dinomys;branickii;pacarana
Diphylla ecaudata,Mamifero,Mamíferos del Ecuador 2023.2,,not_found,no,,,
Diplomys labilis,Mamifero,Mamíferos del Ecuador 2023.2,,not_found,no,,,
Echimys saturnus,Mamifero,Mamíferos del Ecuador 2023.2,,not_found,no,,,
Eira barbara,Mamifero,Mamíferos del Ecuador 2023.2,,direct_model_species,yes,allowed,tayra,6d0d096e-79b8-4fbe-90e1-044e41e24c2c;mammalia;carnivora;mustelidae;eira;barbara;tayra
Enchisthenes hartii,Mamifero,Mamíferos del Ecuador 2023.2,,not_found,no,,,
Eptesicus miradorensis,Mamifero,Mamíferos del Ecuador 2023.2,,not_found,no,,,
Eubalaena australis,Mamifero,Mamíferos del Ecuador 2023.2,,not_found,no,,,
Eumops auripendulus,Mamifero,Mamíferos del Ecuador 2023.2,,not_found,no,,,
Eumops hansae,Mamifero,Mamíferos del Ecuador 2023.2,,not_found,no,,,
Eumops maurus,Mamifero,Mamíferos del Ecuador 2023.2,,not_found,no,,,
Eumops nanus,Mamifero,Mamíferos del Ecuador 2023.2,,not_found,no,,,
Eumops perotis,Mamifero,Mamíferos del Ecuador 2023.2,,not_found,no,,,
Eumops wilsoni,Mamifero,Mamíferos del Ecuador 2023.2,,not_found,no,,,
Euryoryzomys macconnelli,Mamifero,Mamíferos del Ecuador 2023.2,,not_found,no,,,
Feresa attenuata,Mamifero,Mamíferos del Ecuador 2023.2,,not_found,no,,,
Furipterus horrens,Mamifero,Mamíferos del Ecuador 2023.2,,not_found,no,,,
Galictis vittata,Mamifero,Mamíferos del Ecuador 2023.2,,direct_model_species,yes,allowed,greater grison,b4c9f453-870b-4ed6-8fd6-9b132ec91a70;mammalia;carnivora;mustelidae;galictis;vittata;greater grison
Gardnerycteris crenulatum,Mamifero,Mamíferos del Ecuador 2023.2,,not_found,no,,,
Gardnerycteris keenani,Mamifero,Mamíferos del Ecuador 2023.2,,not_found,no,,,
Glironia venusta,Mamifero,Mamíferos del Ecuador 2023.2,,direct_model_species,yes,allowed,bushy-tailed opossum,449a0024-dc35-4523-b37d-83deb0297ae7;mammalia;didelphimorphia;didelphidae;glironia;venusta;bushy-tailed opossum
Globicephala macrorhynchus,Mamifero,Mamíferos del Ecuador 2023.2,,not_found,no,,,
Glossophaga commissarisi,Mamifero,Mamíferos del Ecuador 2023.2,,not_found,no,,,
Glossophaga soricina,Mamifero,Mamíferos del Ecuador 2023.2,,not_found,no,,,
Glyphonycteris daviesi,Mamifero,Mamíferos del Ecuador 2023.2,,not_found,no,,,
Glyphonycteris sylvestris,Mamifero,Mamíferos del Ecuador 2023.2,,not_found,no,,,
Grampus griseus,Mamifero,Mamíferos del Ecuador 2023.2,,not_found,no,,,
Hadrosciurus igniventris,Mamifero,Mamíferos del Ecuador 2023.2,,not_found,no,,,
Hadrosciurus pyrrhinus,Mamifero,Mamíferos del Ecuador 2023.2,,not_found,no,,,
Hadrosciurus spadiceus,Mamifero,Mamíferos del Ecuador 2023.2,,not_found,no,,,
Handleyomys alfaroi,Mamifero,Mamíferos del Ecuador 2023.2,,not_found,no,,,
Herpailurus yagouaroundi,Mamifero,Mamíferos del Ecuador 2023.2,,direct_model_species,yes,allowed,jaguarundi,5bf1ea7e-141a-4cc2-92ac-5e20bf64b408;mammalia;carnivora;felidae;herpailurus;yagouaroundi;jaguarundi
Heteromys australis,Mamifero,Mamíferos del Ecuador 2023.2,,not_found,no,,,
Heteromys teleus,Mamifero,Mamíferos del Ecuador 2023.2,,not_found,no,,,
Histiotus cadenai,Mamifero,Mamíferos del Ecuador 2023.2,,not_found,no,,,
Histiotus colombiae,Mamifero,Mamíferos del Ecuador 2023.2,,not_found,no,,,
Histiotus humboldti,Mamifero,Mamíferos del Ecuador 2023.2,,not_found,no,,,
Hoplomys gymnurus,Mamifero,Mamíferos del Ecuador 2023.2,,not_found,no,,,
Hsunycteris cadenai,Mamifero,Mamíferos del Ecuador 2023.2,,not_found,no,,,
Hsunycteris pattoni,Mamifero,Mamíferos del Ecuador 2023.2,,not_found,no,,,
Hsunycteris thomasi,Mamifero,Mamíferos del Ecuador 2023.2,,not_found,no,,,
Hydrochoerus hydrochaeris,Mamifero,Mamíferos del Ecuador 2023.2,,direct_model_species,yes,allowed,capybara,872e96f1-7a77-4ed2-824a-22fcbb32f598;mammalia;rodentia;caviidae;hydrochoerus;hydrochaeris;capybara
Hylaeamys perenensis,Mamifero,Mamíferos del Ecuador 2023.2,,not_found,no,,,
Hylaeamys tatei,Mamifero,Mamíferos del Ecuador 2023.2,,not_found,no,,,
Hylaeamys yunganus,Mamifero,Mamíferos del Ecuador 2023.2,,not_found,no,,,
Ichthyomys hydrobates,Mamifero,Mamíferos del Ecuador 2023.2,,not_found,no,,,
Ichthyomys orientalis,Mamifero,Mamíferos del Ecuador 2023.2,,not_found,no,,,
Ichthyomys pinei,Mamifero,Mamíferos del Ecuador 2023.2,,not_found,no,,,
Ichthyomys tweedii,Mamifero,Mamíferos del Ecuador 2023.2,,not_found,no,,,
Indopacetus pacificus,Mamifero,Mamíferos del Ecuador 2023.2,,not_found,no,,,
Inia geoffrensis,Mamifero,Mamíferos del Ecuador 2023.2,,not_found,no,,,
Isothrix bistriata,Mamifero,Mamíferos del Ecuador 2023.2,,not_found,no,,,
Kogia breviceps,Mamifero,Mamíferos del Ecuador 2023.2,,not_found,no,,,
Kogia sima,Mamifero,Mamíferos del Ecuador 2023.2,,not_found,no,,,
Lagenodelphis hosei,Mamifero,Mamíferos del Ecuador 2023.2,,not_found,no,,,
Lagidium ahuacaense,Mamifero,Mamíferos del Ecuador 2023.2,,not_found,no,,,
Lagothrix lagothricha,Mamifero,Mamíferos del Ecuador 2023.2,,not_found,no,,,
Lama glama,Mamifero,Mamíferos del Ecuador 2023.2,,direct_model_species,yes,blocked by allow-list,llama,608f0305-b94a-4f39-b445-654fbb07ba73;mammalia;artiodactyla;camelidae;lama;glama;llama
Lampronycteris brachyotis,Mamifero,Mamíferos del Ecuador 2023.2,,not_found,no,,,
Lasiurus blossevillii,Mamifero,Mamíferos del Ecuador 2023.2,,not_found,no,,,
Leiuromys occasius,Mamifero,Mamíferos del Ecuador 2023.2,,not_found,no,,,
Leontocebus lagonotus,Mamifero,Mamíferos del Ecuador 2023.2,,not_found,no,,,
Leontocebus nigricollis,Mamifero,Mamíferos del Ecuador 2023.2,,not_found,no,,,
Leontocebus tripartitus,Mamifero,Mamíferos del Ecuador 2023.2,,not_found,no,,,
Leopardus garleppi,Mamifero,Mamíferos del Ecuador 2023.2,,not_found,no,,,
Leopardus pardalis,Mamifero,Mamíferos del Ecuador 2023.2,,direct_model_species,yes,allowed,ocelot,22976d14-d424-4f18-a67a-d8e1689cefcc;mammalia;carnivora;felidae;leopardus;pardalis;ocelot
Leopardus tigrinus,Mamifero,Mamíferos del Ecuador 2023.2,,direct_model_species,yes,allowed,northern tiger cat,c5ae795b-300f-4cc7-99f7-e2c2d2810a87;mammalia;carnivora;felidae;leopardus;tigrinus;northern tiger cat
Leopardus wiedii,Mamifero,Mamíferos del Ecuador 2023.2,,direct_model_species,yes,allowed,margay,442208b3-d712-412e-bfd3-430688698aa0;mammalia;carnivora;felidae;leopardus;wiedii;margay
Leptosciurus mimulus,Mamifero,Mamíferos del Ecuador 2023.2,,not_found,no,,,
Lichonycteris degener,Mamifero,Mamíferos del Ecuador 2023.2,,not_found,no,,,
Lichonycteris obscura,Mamifero,Mamíferos del Ecuador 2023.2,,not_found,no,,,
Lionycteris spurrelli,Mamifero,Mamíferos del Ecuador 2023.2,,not_found,no,,,
Lonchophylla chocoana,Mamifero,Mamíferos del Ecuador 2023.2,,not_found,no,,,
Lonchophylla concava,Mamifero,Mamíferos del Ecuador 2023.2,,not_found,no,,,
Lonchophylla fornicata,Mamifero,Mamíferos del Ecuador 2023.2,,not_found,no,,,
Lonchophylla handleyi,Mamifero,Mamíferos del Ecuador 2023.2,,not_found,no,,,
Lonchophylla hesperia,Mamifero,Mamíferos del Ecuador 2023.2,,not_found,no,,,
Lonchophylla orcesi,Mamifero,Mamíferos del Ecuador 2023.2,,not_found,no,,,
Lonchophylla orienticollina,Mamifero,Mamíferos del Ecuador 2023.2,,not_found,no,,,
Lonchophylla robusta,Mamifero,Mamíferos del Ecuador 2023.2,,not_found,no,,,
Lonchorhina aurita,Mamifero,Mamíferos del Ecuador 2023.2,,not_found,no,,,
Lontra longicaudis,Mamifero,Mamíferos del Ecuador 2023.2,,direct_model_species,yes,allowed,neotropical otter,47271bc2-de1a-4ee4-8353-9039a1847f11;mammalia;carnivora;mustelidae;lontra;longicaudis;neotropical otter
Lophostoma brasiliense,Mamifero,Mamíferos del Ecuador 2023.2,,not_found,no,,,
Lophostoma carrikeri,Mamifero,Mamíferos del Ecuador 2023.2,,not_found,no,,,
Lophostoma nicaraguae,Mamifero,Mamíferos del Ecuador 2023.2,,not_found,no,,,
Lophostoma occidentale,Mamifero,Mamíferos del Ecuador 2023.2,,not_found,no,,,
Lophostoma silvicola,Mamifero,Mamíferos del Ecuador 2023.2,,not_found,no,,,
Lycalopex culpaeus,Mamifero,Mamíferos del Ecuador 2023.2,,direct_model_species,yes,allowed,culpeo,3b8b3ede-0f6d-41ba-877e-2d9304b80469;mammalia;carnivora;canidae;lycalopex;culpaeus;culpeo
Lycalopex sechurae,Mamifero,Mamíferos del Ecuador 2023.2,,not_found,no,,,
Macrophyllum macrophyllum,Mamifero,Mamíferos del Ecuador 2023.2,,not_found,no,,,
Makalata macrura,Mamifero,Mamíferos del Ecuador 2023.2,,not_found,no,,,
Marmosa alstoni,Mamifero,Mamíferos del Ecuador 2023.2,,not_found,no,,,
Marmosa germana,Mamifero,Mamíferos del Ecuador 2023.2,,not_found,no,,,
Marmosa isthmica,Mamifero,Mamíferos del Ecuador 2023.2,,not_found,no,,,
Marmosa jansae,Mamifero,Mamíferos del Ecuador 2023.2,,not_found,no,,,
Marmosa lepida,Mamifero,Mamíferos del Ecuador 2023.2,,not_found,no,,,
Marmosa perplexa,Mamifero,Mamíferos del Ecuador 2023.2,,not_found,no,,,
Marmosa phaea,Mamifero,Mamíferos del Ecuador 2023.2,,not_found,no,,,
Marmosa rubra,Mamifero,Mamíferos del Ecuador 2023.2,,not_found,no,,,
Marmosa rutteri,Mamifero,Mamíferos del Ecuador 2023.2,,not_found,no,,,
Marmosa simonsi,Mamifero,Mamíferos del Ecuador 2023.2,,not_found,no,,,
Marmosa waterhousei,Mamifero,Mamíferos del Ecuador 2023.2,,not_found,no,,,
Marmosa zeledoni,Mamifero,Mamíferos del Ecuador 2023.2,,not_found,no,,,
Marmosops bishopi,Mamifero,Mamíferos del Ecuador 2023.2,,not_found,no,,,
Marmosops caucae,Mamifero,Mamíferos del Ecuador 2023.2,,not_found,no,,,
Marmosops noctivagus,Mamifero,Mamíferos del Ecuador 2023.2,,direct_model_species,yes,allowed,white-bellied slender mouse opossum,fa636c59-3ad3-4836-a0a9-9f95b86b24bd;mammalia;didelphimorphia;didelphidae;marmosops;noctivagus;white-bellied slender mouse opossum
Mazama americana,Mamifero,Mamíferos del Ecuador 2023.2,,direct_model_species,yes,allowed,red brocket,0dba69b2-dfd7-48af-8e64-e576cbda74c3;mammalia;artiodactyla;cervidae;mazama;americana;red brocket
Mazama gualea,Mamifero,Mamíferos del Ecuador 2023.2,,not_found,no,,,
Mazama rufina,Mamifero,Mamíferos del Ecuador 2023.2,,direct_model_species,yes,allowed,dwarf red brocket,6d0bbf09-3e44-4ead-9b18-795cad5268e7;mammalia;artiodactyla;cervidae;mazama;rufina;dwarf red brocket
Megaoryzomys curioi,Mamifero,Mamíferos del Ecuador 2023.2,,not_found,no,,,
Megaptera novaeangliae,Mamifero,Mamíferos del Ecuador 2023.2,,not_found,no,,,
Melanomys caliginosus,Mamifero,Mamíferos del Ecuador 2023.2,,not_found,no,,,
Melanomys robustulus,Mamifero,Mamíferos del Ecuador 2023.2,,not_found,no,,,
Mesomys hispidus,Mamifero,Mamíferos del Ecuador 2023.2,,not_found,no,,,
Mesophylla macconnelli,Mamifero,Mamíferos del Ecuador 2023.2,,not_found,no,,,
Mesoplodon densirostris,Mamifero,Mamíferos del Ecuador 2023.2,,not_found,no,,,
Mesoplodon ginkgodens,Mamifero,Mamíferos del Ecuador 2023.2,,not_found,no,,,
Mesoplodon peruvianus,Mamifero,Mamíferos del Ecuador 2023.2,,not_found,no,,,
Metachirus myosuros,Mamifero,Mamíferos del Ecuador 2023.2,,not_found,no,,,
Micronycteris giovanniae,Mamifero,Mamíferos del Ecuador 2023.2,,not_found,no,,,
Micronycteris hirsuta,Mamifero,Mamíferos del Ecuador 2023.2,,not_found,no,,,
Micronycteris megalotis,Mamifero,Mamíferos del Ecuador 2023.2,,not_found,no,,,
Micronycteris minuta,Mamifero,Mamíferos del Ecuador 2023.2,,not_found,no,,,
Micronycteris schmidtorum,Mamifero,Mamíferos del Ecuador 2023.2,,not_found,no,,,
Micronycteris simmonsae,Mamifero,Mamíferos del Ecuador 2023.2,,not_found,no,,,
Microryzomys altissimus,Mamifero,Mamíferos del Ecuador 2023.2,,not_found,no,,,
Microryzomys minutus,Mamifero,Mamíferos del Ecuador 2023.2,,not_found,no,,,
Microsciurus flaviventer,Mamifero,Mamíferos del Ecuador 2023.2,,direct_model_species,yes,allowed,amazon dwarf squirrel,2376f974-2f42-4a78-a2e1-cc6e3cea5d22;mammalia;rodentia;sciuridae;microsciurus;flaviventer;amazon dwarf squirrel
Microsciurus sabanillae,Mamifero,Mamíferos del Ecuador 2023.2,,not_found,no,,,
Microsciurus simonsi,Mamifero,Mamíferos del Ecuador 2023.2,,not_found,no,,,
Mindomys hammondi,Mamifero,Mamíferos del Ecuador 2023.2,,not_found,no,,,
Mindomys kutuku,Mamifero,Mamíferos del Ecuador 2023.2,,not_found,no,,,
Mirounga leonina,Mamifero,Mamíferos del Ecuador 2023.2,,not_found,no,,,
Molossops temminckii,Mamifero,Mamíferos del Ecuador 2023.2,,not_found,no,,,
Molossus coibensis,Mamifero,Mamíferos del Ecuador 2023.2,,not_found,no,,,
Molossus fentoni,Mamifero,Mamíferos del Ecuador 2023.2,,not_found,no,,,
Molossus molossus,Mamifero,Mamíferos del Ecuador 2023.2,,not_found,no,,,
Molossus rufus,Mamifero,Mamíferos del Ecuador 2023.2,,not_found,no,,,
Monodelphis adusta,Mamifero,Mamíferos del Ecuador 2023.2,,not_found,no,,,
Mormoops megalophylla,Mamifero,Mamíferos del Ecuador 2023.2,,not_found,no,,,
Myoprocta pratti,Mamifero,Mamíferos del Ecuador 2023.2,,direct_model_species,yes,allowed,green acouchi,1bec25e0-a5d2-4a2e-8a59-569b8e0f798f;mammalia;rodentia;dasyproctidae;myoprocta;pratti;green acouchi
Myotis albescens,Mamifero,Mamíferos del Ecuador 2023.2,,not_found,no,,,
Myotis armiensis,Mamifero,Mamíferos del Ecuador 2023.2,,not_found,no,,,
Myotis caucensis,Mamifero,Mamíferos del Ecuador 2023.2,,not_found,no,,,
Myotis diminutus,Mamifero,Mamíferos del Ecuador 2023.2,,not_found,no,,,
Myotis keaysi,Mamifero,Mamíferos del Ecuador 2023.2,,not_found,no,,,
Myotis moratellii,Mamifero,Mamíferos del Ecuador 2023.2,,not_found,no,,,
Myotis nigricans,Mamifero,Mamíferos del Ecuador 2023.2,,not_found,no,,,
Myotis oxyotus,Mamifero,Mamíferos del Ecuador 2023.2,,not_found,no,,,
Myotis riparius,Mamifero,Mamíferos del Ecuador 2023.2,,not_found,no,,,
Myotis simus,Mamifero,Mamíferos del Ecuador 2023.2,,not_found,no,,,
Myrmecophaga tridactyla,Mamifero,Mamíferos del Ecuador 2023.2,,direct_model_species,yes,allowed,giant anteater,2b98dad0-1e0e-4488-9cbe-9c4777dd9eca;mammalia;pilosa;myrmecophagidae;myrmecophaga;tridactyla;giant anteater
Nasua narica,Mamifero,Mamíferos del Ecuador 2023.2,,direct_model_species,yes,blocked by allow-list,white-nosed coati,1df7d5e4-16ac-4533-81f7-b2e6c8a0ff00;mammalia;carnivora;procyonidae;nasua;narica;white-nosed coati
Nasua nasua,Mamifero,Mamíferos del Ecuador 2023.2,,direct_model_species,yes,allowed,south american coati,1d3bbcaa-f81a-41d9-8904-5cc8a505af32;mammalia;carnivora;procyonidae;nasua;nasua;south american coati
Nasua olivacea,Mamifero,Mamíferos del Ecuador 2023.2,,not_found,no,,,
Neacomys auriventer,Mamifero,Mamíferos del Ecuador 2023.2,,not_found,no,,,
Neacomys carceleni,Mamifero,Mamíferos del Ecuador 2023.2,,not_found,no,,,
Neacomys marci,Mamifero,Mamíferos del Ecuador 2023.2,,not_found,no,,,
Neacomys rosalindae,Mamifero,Mamíferos del Ecuador 2023.2,,not_found,no,,,
Necromys punctulatus,Mamifero,Mamíferos del Ecuador 2023.2,,not_found,no,,,
Nectomys apicalis,Mamifero,Mamíferos del Ecuador 2023.2,,not_found,no,,,
Nectomys saturatus,Mamifero,Mamíferos del Ecuador 2023.2,,not_found,no,,,
Neoeptesicus andinus,Mamifero,Mamíferos del Ecuador 2023.2,,not_found,no,,,
Neoeptesicus brasiliensis,Mamifero,Mamíferos del Ecuador 2023.2,,not_found,no,,,
Neoeptesicus chiriquinus,Mamifero,Mamíferos del Ecuador 2023.2,,not_found,no,,,
Neoeptesicus furinalis,Mamifero,Mamíferos del Ecuador 2023.2,,not_found,no,,,
Neoeptesicus innoxius,Mamifero,Mamíferos del Ecuador 2023.2,,not_found,no,,,
Neogale africana,Mamifero,Mamíferos del Ecuador 2023.2,,not_found,no,,,
Neogale felipei,Mamifero,Mamíferos del Ecuador 2023.2,,not_found,no,,,
Neogale frenata,Mamifero,Mamíferos del Ecuador 2023.2,,not_found,no,,,
Neomicroxus latebricola,Mamifero,Mamíferos del Ecuador 2023.2,,not_found,no,,,
Nephelomys albigularis,Mamifero,Mamíferos del Ecuador 2023.2,,not_found,no,,,
Nephelomys auriventer,Mamifero,Mamíferos del Ecuador 2023.2,,not_found,no,,,
Nephelomys moerex,Mamifero,Mamíferos del Ecuador 2023.2,,not_found,no,,,
Nephelomys nimbosus,Mamifero,Mamíferos del Ecuador 2023.2,,not_found,no,,,
Nesoryzomys darwini,Mamifero,Mamíferos del Ecuador 2023.2,,not_found,no,,,
Nesoryzomys fernandinae,Mamifero,Mamíferos del Ecuador 2023.2,,not_found,no,,,
Nesoryzomys indefessus,Mamifero,Mamíferos del Ecuador 2023.2,,not_found,no,,,
Nesoryzomys narboroughi,Mamifero,Mamíferos del Ecuador 2023.2,,not_found,no,,,
Nesoryzomys swarthi,Mamifero,Mamíferos del Ecuador 2023.2,,not_found,no,,,
Neusticomys monticolus,Mamifero,Mamíferos del Ecuador 2023.2,,not_found,no,,,
Neusticomys orcesi,Mamifero,Mamíferos del Ecuador 2023.2,,not_found,no,,,
Neusticomys vossi,Mamifero,Mamíferos del Ecuador 2023.2,,not_found,no,,,
Noctilio albiventris,Mamifero,Mamíferos del Ecuador 2023.2,,not_found,no,,,
Noctilio leporinus,Mamifero,Mamíferos del Ecuador 2023.2,,not_found,no,,,
Nyctinomops laticaudatus,Mamifero,Mamíferos del Ecuador 2023.2,,not_found,no,,,
Nyctinomops macrotis,Mamifero,Mamíferos del Ecuador 2023.2,,not_found,no,,,
Odocoileus virginianus,Mamifero,Mamíferos del Ecuador 2023.2,,direct_model_species,yes,allowed,white-tailed deer,5c7ce479-8a45-40b3-ae21-7c97dfae22f5;mammalia;artiodactyla;cervidae;odocoileus;virginianus;white-tailed deer
Oecomys bicolor,Mamifero,Mamíferos del Ecuador 2023.2,,not_found,no,,,
Oecomys roberti,Mamifero,Mamíferos del Ecuador 2023.2,,not_found,no,,,
Oecomys superans,Mamifero,Mamíferos del Ecuador 2023.2,,not_found,no,,,
Oecomys trinitatis,Mamifero,Mamíferos del Ecuador 2023.2,,not_found,no,,,
Olallamys albicauda,Mamifero,Mamíferos del Ecuador 2023.2,,not_found,no,,,
Oligoryzomys delicatus,Mamifero,Mamíferos del Ecuador 2023.2,,not_found,no,,,
Oligoryzomys destructor,Mamifero,Mamíferos del Ecuador 2023.2,,not_found,no,,,
Orcinus orca,Mamifero,Mamíferos del Ecuador 2023.2,,not_found,no,,,
Oreoryzomys balneator,Mamifero,Mamíferos del Ecuador 2023.2,,not_found,no,,,
Otaria flavescens,Mamifero,Mamíferos del Ecuador 2023.2,,not_found,no,,,
Panthera onca,Mamifero,Mamíferos del Ecuador 2023.2,,direct_model_species,yes,allowed,jaguar,9b7fea59-cfa3-499c-a420-bcf36277dcd8;mammalia;carnivora;felidae;panthera;onca;jaguar
Passalites nemorivagus,Mamifero,Mamíferos del Ecuador 2023.2,,not_found,no,,,
Pattonimus ecominga,Mamifero,Mamíferos del Ecuador 2023.2,,not_found,no,,,
Pattonimus musseri,Mamifero,Mamíferos del Ecuador 2023.2,,not_found,no,,,
Peponocephala electra,Mamifero,Mamíferos del Ecuador 2023.2,,not_found,no,,,
Peropteryx kappleri,Mamifero,Mamíferos del Ecuador 2023.2,,not_found,no,,,
Peropteryx leucoptera,Mamifero,Mamíferos del Ecuador 2023.2,,not_found,no,,,
Peropteryx macrotis,Mamifero,Mamíferos del Ecuador 2023.2,,not_found,no,,,
Peropteryx pallidoptera,Mamifero,Mamíferos del Ecuador 2023.2,,not_found,no,,,
Philander andersoni,Mamifero,Mamíferos del Ecuador 2023.2,,direct_model_species,yes,allowed,anderson's four-eyed opossum,d0f3398b-aa49-4c2a-94f8-414502e8170d;mammalia;didelphimorphia;didelphidae;philander;andersoni;anderson's four-eyed opossum
Philander melanurus,Mamifero,Mamíferos del Ecuador 2023.2,,not_found,no,,,
Philander pebas,Mamifero,Mamíferos del Ecuador 2023.2,,not_found,no,,,
Phylloderma stenops,Mamifero,Mamíferos del Ecuador 2023.2,,not_found,no,,,
Phyllostomus discolor,Mamifero,Mamíferos del Ecuador 2023.2,,not_found,no,,,
Phyllostomus elongatus,Mamifero,Mamíferos del Ecuador 2023.2,,not_found,no,,,
Phyllostomus hastatus,Mamifero,Mamíferos del Ecuador 2023.2,,not_found,no,,,
Phyllotis andium,Mamifero,Mamíferos del Ecuador 2023.2,,not_found,no,,,
Phyllotis haggardi,Mamifero,Mamíferos del Ecuador 2023.2,,not_found,no,,,
Physeter macrocephalus,Mamifero,Mamíferos del Ecuador 2023.2,,not_found,no,,,
Pithecia aequatorialis,Mamifero,Mamíferos del Ecuador 2023.2,,direct_model_species,yes,allowed,equatorial saki,95d120ad-3409-4c73-913e-4d7ee525e2e9;mammalia;primates;pitheciidae;pithecia;aequatorialis;equatorial saki
Pithecia milleri,Mamifero,Mamíferos del Ecuador 2023.2,,not_found,no,,,
Pithecia napensis,Mamifero,Mamíferos del Ecuador 2023.2,,not_found,no,,,
Platyrrhinus albericoi,Mamifero,Mamíferos del Ecuador 2023.2,,not_found,no,,,
Platyrrhinus angustirostris,Mamifero,Mamíferos del Ecuador 2023.2,,not_found,no,,,
Platyrrhinus brachycephalus,Mamifero,Mamíferos del Ecuador 2023.2,,not_found,no,,,
Platyrrhinus dorsalis,Mamifero,Mamíferos del Ecuador 2023.2,,not_found,no,,,
Platyrrhinus fusciventris,Mamifero,Mamíferos del Ecuador 2023.2,,not_found,no,,,
Platyrrhinus helleri,Mamifero,Mamíferos del Ecuador 2023.2,,not_found,no,,,
Platyrrhinus incarum,Mamifero,Mamíferos del Ecuador 2023.2,,not_found,no,,,
Platyrrhinus infuscus,Mamifero,Mamíferos del Ecuador 2023.2,,not_found,no,,,
Platyrrhinus ismaeli,Mamifero,Mamíferos del Ecuador 2023.2,,not_found,no,,,
Platyrrhinus matapalensis,Mamifero,Mamíferos del Ecuador 2023.2,,not_found,no,,,
Platyrrhinus nitelinea,Mamifero,Mamíferos del Ecuador 2023.2,,not_found,no,,,
Platyrrhinus umbratus,Mamifero,Mamíferos del Ecuador 2023.2,,not_found,no,,,
Platyrrhinus vittatus,Mamifero,Mamíferos del Ecuador 2023.2,,not_found,no,,,
Plecturocebus discolor,Mamifero,Mamíferos del Ecuador 2023.2,,not_found,no,,,
Potos flavus,Mamifero,Mamíferos del Ecuador 2023.2,,direct_model_species,yes,allowed,kinkajou,becf3932-4ec8-4897-8d41-f9f248648794;mammalia;carnivora;procyonidae;potos;flavus;kinkajou
Priodontes maximus,Mamifero,Mamíferos del Ecuador 2023.2,,direct_model_species,yes,allowed,giant armadillo,d23e77b7-0314-4129-b2e8-810e9c4771e7;mammalia;cingulata;chlamyphoridae;priodontes;maximus;giant armadillo
Procyon cancrivorus,Mamifero,Mamíferos del Ecuador 2023.2,,direct_model_species,yes,allowed,crab-eating raccoon,c56031a6-f8ce-4929-b6eb-b5253d4e1cdc;mammalia;carnivora;procyonidae;procyon;cancrivorus;crab-eating raccoon
Proechimys brevicauda,Mamifero,Mamíferos del Ecuador 2023.2,,direct_model_species,yes,allowed,huallaga spiny rat,a23ea715-5b95-416a-a5d6-4c44b3cb63ec;mammalia;rodentia;echimyidae;proechimys;brevicauda;huallaga spiny rat
Proechimys cuvieri,Mamifero,Mamíferos del Ecuador 2023.2,,direct_model_species,yes,allowed,cuvier's spiny rat,09d4a020-4e9b-424b-bd30-167c18ba12f9;mammalia;rodentia;echimyidae;proechimys;cuvieri;cuvier's spiny rat
Proechimys decumanus,Mamifero,Mamíferos del Ecuador 2023.2,,not_found,no,,,
Proechimys quadruplicatus,Mamifero,Mamíferos del Ecuador 2023.2,,not_found,no,,,
Proechimys semispinosus,Mamifero,Mamíferos del Ecuador 2023.2,,direct_model_species,yes,allowed,tome's spiny rat,23e62872-cb91-43ec-b039-bcf0f78abec2;mammalia;rodentia;echimyidae;proechimys;semispinosus;tome's spiny rat
Proechimys simonsi,Mamifero,Mamíferos del Ecuador 2023.2,,not_found,no,,,
Promops centralis,Mamifero,Mamíferos del Ecuador 2023.2,,not_found,no,,,
Promops davisoni,Mamifero,Mamíferos del Ecuador 2023.2,,not_found,no,,,
Pseudorca crassidens,Mamifero,Mamíferos del Ecuador 2023.2,,not_found,no,,,
Pteronura brasiliensis,Mamifero,Mamíferos del Ecuador 2023.2,,direct_model_species,yes,allowed,giant otter,07709a39-6d4b-4973-bc8e-3543ce208611;mammalia;carnivora;mustelidae;pteronura;brasiliensis;giant otter
Pudu mephistophiles,Mamifero,Mamíferos del Ecuador 2023.2,,direct_model_species,yes,allowed,northern pudu,dd6a7bd4-88db-42b2-a95a-5407bd8ef570;mammalia;artiodactyla;cervidae;pudu;mephistophiles;northern pudu
Puma concolor,Mamifero,Mamíferos del Ecuador 2023.2,,direct_model_species,yes,allowed,puma,9c564562-9429-405c-8529-04cff7752282;mammalia;carnivora;felidae;puma;concolor;puma
Reithrodontomys soederstroemi,Mamifero,Mamíferos del Ecuador 2023.2,,not_found,no,,,
Rhagomys septentrionalis,Mamifero,Mamíferos del Ecuador 2023.2,,not_found,no,,,
Rhinophylla alethina,Mamifero,Mamíferos del Ecuador 2023.2,,not_found,no,,,
Rhinophylla fischerae,Mamifero,Mamíferos del Ecuador 2023.2,,not_found,no,,,
Rhinophylla pumilio,Mamifero,Mamíferos del Ecuador 2023.2,,not_found,no,,,
Rhipidomys albujai,Mamifero,Mamíferos del Ecuador 2023.2,,not_found,no,,,
Rhipidomys latimanus,Mamifero,Mamíferos del Ecuador 2023.2,,not_found,no,,,
Rhipidomys leucodactylus,Mamifero,Mamíferos del Ecuador 2023.2,,not_found,no,,,
Rhogeessa velilla,Mamifero,Mamíferos del Ecuador 2023.2,,not_found,no,,,
Rhynchonycteris naso,Mamifero,Mamíferos del Ecuador 2023.2,,not_found,no,,,
Saccopteryx bilineata,Mamifero,Mamíferos del Ecuador 2023.2,,not_found,no,,,
Saccopteryx leptura,Mamifero,Mamíferos del Ecuador 2023.2,,not_found,no,,,
Saimiri cassiquiarensis,Mamifero,Mamíferos del Ecuador 2023.2,,not_found,no,,,
Sapajus apella,Mamifero,Mamíferos del Ecuador 2023.2,,direct_model_species,yes,allowed,margarita island capuchin,03c512a1-bfb6-4c47-8e1a-ace60d268b11;mammalia;primates;cebidae;sapajus;apella;margarita island capuchin
Scolomys melanops,Mamifero,Mamíferos del Ecuador 2023.2,,not_found,no,,,
Scolomys ucayalensis,Mamifero,Mamíferos del Ecuador 2023.2,,not_found,no,,,
Sigmodon inopinatus,Mamifero,Mamíferos del Ecuador 2023.2,,not_found,no,,,
Sigmodon peruanus,Mamifero,Mamíferos del Ecuador 2023.2,,not_found,no,,,
Sigmodontomys alfari,Mamifero,Mamíferos del Ecuador 2023.2,,not_found,no,,,
Simosciurus nebouxii,Mamifero,Mamíferos del Ecuador 2023.2,,not_found,no,,,
Simosciurus stramineus,Mamifero,Mamíferos del Ecuador 2023.2,,not_found,no,,,
Sotalia fluviatilis,Mamifero,Mamíferos del Ecuador 2023.2,,not_found,no,,,
Speothos venaticus,Mamifero,Mamíferos del Ecuador 2023.2,,direct_model_species,yes,allowed,bush dog,38c8d8c6-483a-4c82-9c0d-ce16c0c1870f;mammalia;carnivora;canidae;speothos;venaticus;bush dog
Sphaeronycteris toxophyllum,Mamifero,Mamíferos del Ecuador 2023.2,,not_found,no,,,
Stenella attenuata,Mamifero,Mamíferos del Ecuador 2023.2,,not_found,no,,,
Stenella coeruleoalba,Mamifero,Mamíferos del Ecuador 2023.2,,not_found,no,,,
Stenella longirostris,Mamifero,Mamíferos del Ecuador 2023.2,,not_found,no,,,
Steno bredanensis,Mamifero,Mamíferos del Ecuador 2023.2,,not_found,no,,,
Sturnira aratathomasi,Mamifero,Mamíferos del Ecuador 2023.2,,not_found,no,,,
Sturnira bakeri,Mamifero,Mamíferos del Ecuador 2023.2,,not_found,no,,,
Sturnira bidens,Mamifero,Mamíferos del Ecuador 2023.2,,not_found,no,,,
Sturnira boadai,Mamifero,Mamíferos del Ecuador 2023.2,,not_found,no,,,
Sturnira bogotensis,Mamifero,Mamíferos del Ecuador 2023.2,,not_found,no,,,
Sturnira erythromos,Mamifero,Mamíferos del Ecuador 2023.2,,not_found,no,,,
Sturnira giannae,Mamifero,Mamíferos del Ecuador 2023.2,,not_found,no,,,
Sturnira koopmanhilli,Mamifero,Mamíferos del Ecuador 2023.2,,not_found,no,,,
Sturnira ludovici,Mamifero,Mamíferos del Ecuador 2023.2,,not_found,no,,,
Sturnira luisi,Mamifero,Mamíferos del Ecuador 2023.2,,not_found,no,,,
Sturnira oporaphilum,Mamifero,Mamíferos del Ecuador 2023.2,,not_found,no,,,
Sturnira perla,Mamifero,Mamíferos del Ecuador 2023.2,,not_found,no,,,
Sylvilagus andinus,Mamifero,Mamíferos del Ecuador 2023.2,,not_found,no,,,
Sylvilagus daulensis,Mamifero,Mamíferos del Ecuador 2023.2,,not_found,no,,,
Sylvilagus defilippi,Mamifero,Mamíferos del Ecuador 2023.2,,not_found,no,,,
Sylvilagus surdaster,Mamifero,Mamíferos del Ecuador 2023.2,,not_found,no,,,
Syntheosciurus granatensis,Mamifero,Mamíferos del Ecuador 2023.2,,not_found,no,,,
Tadarida brasiliensis,Mamifero,Mamíferos del Ecuador 2023.2,,not_found,no,,,
Tamandua mexicana,Mamifero,Mamíferos del Ecuador 2023.2,,direct_model_species,yes,allowed,northern tamandua,25248c94-2e54-4c9d-9939-0d8800296747;mammalia;pilosa;myrmecophagidae;tamandua;mexicana;northern tamandua
Tamandua tetradactyla,Mamifero,Mamíferos del Ecuador 2023.2,,direct_model_species,yes,allowed,southern tamandua,89d41ec3-af8a-438a-86dd-4a6cb1819f07;mammalia;pilosa;myrmecophagidae;tamandua;tetradactyla;southern tamandua
Tanyuromys thomasleei,Mamifero,Mamíferos del Ecuador 2023.2,,not_found,no,,,
Tapirus pinchaque,Mamifero,Mamíferos del Ecuador 2023.2,,direct_model_species,yes,allowed,mountain tapir,14955f34-8eeb-4da7-ab94-6c9e41978f9f;mammalia;perissodactyla;tapiridae;tapirus;pinchaque;mountain tapir
Tapirus terrestris,Mamifero,Mamíferos del Ecuador 2023.2,,direct_model_species,yes,allowed,lowland tapir,39e5ea73-38f1-454a-8054-7c67f20fbced;mammalia;perissodactyla;tapiridae;tapirus;terrestris;lowland tapir
Tayassu pecari,Mamifero,Mamíferos del Ecuador 2023.2,,direct_model_species,yes,allowed,white-lipped peccary,575008c3-8e3b-4efe-8da6-47631d60d5b7;mammalia;artiodactyla;tayassuidae;tayassu;pecari;white-lipped peccary
Thomasomys aureus,Mamifero,Mamíferos del Ecuador 2023.2,,not_found,no,,,
Thomasomys auricularis,Mamifero,Mamíferos del Ecuador 2023.2,,not_found,no,,,
Thomasomys baeops,Mamifero,Mamíferos del Ecuador 2023.2,,not_found,no,,,
Thomasomys bombycinus,Mamifero,Mamíferos del Ecuador 2023.2,,not_found,no,,,
Thomasomys burneoi,Mamifero,Mamíferos del Ecuador 2023.2,,not_found,no,,,
Thomasomys caudivarius,Mamifero,Mamíferos del Ecuador 2023.2,,not_found,no,,,
Thomasomys cinnameus,Mamifero,Mamíferos del Ecuador 2023.2,,not_found,no,,,
Thomasomys erro,Mamifero,Mamíferos del Ecuador 2023.2,,not_found,no,,,
Thomasomys fumeus,Mamifero,Mamíferos del Ecuador 2023.2,,not_found,no,,,
Thomasomys hudsoni,Mamifero,Mamíferos del Ecuador 2023.2,,not_found,no,,,
Thomasomys lojapiuranus,Mamifero,Mamíferos del Ecuador 2023.2,,not_found,no,,,
Thomasomys paramorum,Mamifero,Mamíferos del Ecuador 2023.2,,not_found,no,,,
Thomasomys pardignasi,Mamifero,Mamíferos del Ecuador 2023.2,,not_found,no,,,
Thomasomys salazari,Mamifero,Mamíferos del Ecuador 2023.2,,not_found,no,,,
Thomasomys silvestris,Mamifero,Mamíferos del Ecuador 2023.2,,not_found,no,,,
Thomasomys taczanowskii,Mamifero,Mamíferos del Ecuador 2023.2,,not_found,no,,,
Thomasomys ucucha,Mamifero,Mamíferos del Ecuador 2023.2,,not_found,no,,,
Thomasomys vulcani,Mamifero,Mamíferos del Ecuador 2023.2,,not_found,no,,,
Thyroptera discifera,Mamifero,Mamíferos del Ecuador 2023.2,,not_found,no,,,
Thyroptera lavali,Mamifero,Mamíferos del Ecuador 2023.2,,not_found,no,,,
Thyroptera tricolor,Mamifero,Mamíferos del Ecuador 2023.2,,not_found,no,,,
Tonatia bakeri,Mamifero,Mamíferos del Ecuador 2023.2,,not_found,no,,,
Tonatia maresi,Mamifero,Mamíferos del Ecuador 2023.2,,not_found,no,,,
Trachops cirrhosus,Mamifero,Mamíferos del Ecuador 2023.2,,not_found,no,,,
Transandinomys bolivaris,Mamifero,Mamíferos del Ecuador 2023.2,,not_found,no,,,
Transandinomys talamancae,Mamifero,Mamíferos del Ecuador 2023.2,,not_found,no,,,
Tremarctos ornatus,Mamifero,Mamíferos del Ecuador 2023.2,,direct_model_species,yes,allowed,spectacled bear,796a6de7-4ce1-4bba-9d97-72597f3a5763;mammalia;carnivora;ursidae;tremarctos;ornatus;spectacled bear
Trichechus inunguis,Mamifero,Mamíferos del Ecuador 2023.2,,not_found,no,,,
Trinycteris nicefori,Mamifero,Mamíferos del Ecuador 2023.2,,not_found,no,,,
Tursiops truncatus,Mamifero,Mamíferos del Ecuador 2023.2,,not_found,no,,,
Tylomys mirae,Mamifero,Mamíferos del Ecuador 2023.2,,not_found,no,,,
Uroderma bilobatum,Mamifero,Mamíferos del Ecuador 2023.2,,not_found,no,,,
Uroderma convexum,Mamifero,Mamíferos del Ecuador 2023.2,,not_found,no,,,
Uroderma magnirostrum,Mamifero,Mamíferos del Ecuador 2023.2,,not_found,no,,,
Vampyressa melissa,Mamifero,Mamíferos del Ecuador 2023.2,,not_found,no,,,
Vampyressa thyone,Mamifero,Mamíferos del Ecuador 2023.2,,not_found,no,,,
Vampyriscus bidens,Mamifero,Mamíferos del Ecuador 2023.2,,not_found,no,,,
Vampyriscus nymphaea,Mamifero,Mamíferos del Ecuador 2023.2,,not_found,no,,,
Vampyrodes caraccioli,Mamifero,Mamíferos del Ecuador 2023.2,,not_found,no,,,
Vampyrodes major,Mamifero,Mamíferos del Ecuador 2023.2,,not_found,no,,,
Vampyrum spectrum,Mamifero,Mamíferos del Ecuador 2023.2,,not_found,no,,,
Vicugna pacos,Mamifero,Mamíferos del Ecuador 2023.2,,not_found,no,,,
Zalophus wollebaeki,Mamifero,Mamíferos del Ecuador 2023.2,,not_found,no,,,
Ziphius cavirostris,Mamifero,Mamíferos del Ecuador 2023.2,,not_found,no,,,
Airadas bocottrti,Reptil,Lista Roja de los Reptiles del Ecuador 2005,NE,not_found,no,,,
Alopoglossus angulatus,Reptil,Lista Roja de los Reptiles del Ecuador 2005,LC,not_found,no,,,
Alopoglossus atriventris,Reptil,Lista Roja de los Reptiles del Ecuador 2005,LC,not_found,no,,,
Alopoglossus buckleyi,Reptil,Lista Roja de los Reptiles del Ecuador 2005,DD,not_found,no,,,
Alopoglossus copii,Reptil,Lista Roja de los Reptiles del Ecuador 2005,DD,not_found,no,,,
Alopoglossus fesloe,Reptil,Lista Roja de los Reptiles del Ecuador 2005,VU,not_found,no,,,
Alraclus dumi,Reptil,Lista Roja de los Reptiles del Ecuador 2005,VU,not_found,no,,,
Alraclus elaps,Reptil,Lista Roja de los Reptiles del Ecuador 2005,LC,not_found,no,,,
Alraclus microrhwhus,Reptil,Lista Roja de los Reptiles del Ecuador 2005,DD,not_found,no,,,
Alraclus modestia,Reptil,Lista Roja de los Reptiles del Ecuador 2005,DD,not_found,no,,,
Alraclus occipitoalbus,Reptil,Lista Roja de los Reptiles del Ecuador 2005,NT,not_found,no,,,
Alraclus paucidens,Reptil,Lista Roja de los Reptiles del Ecuador 2005,DD,not_found,no,,,
Alraclus resplendens,Reptil,Lista Roja de los Reptiles del Ecuador 2005,DD,not_found,no,,,
Alsophis biserialis,Reptil,Lista Roja de los Reptiles del Ecuador 2005,EN,not_found,no,,,
Amena bridgesii,Reptil,Lista Roja de los Reptiles del Ecuador 2005,LC,not_found,no,,,
Amphisbaena fuliginosa bassleri,Reptil,Lista Roja de los Reptiles del Ecuador 2005,LC,not_found,no,,,
Amphisbaena fuliginosa sana,Reptil,Lista Roja de los Reptiles del Ecuador 2005,NT,not_found,no,,,
Anlillopbis slerini,Reptil,Lista Roja de los Reptiles del Ecuador 2005,CR,not_found,no,,,
Anlillophis stemdachneri,Reptil,Lista Roja de los Reptiles del Ecuador 2005,EN,not_found,no,,,
Anodio rhombifer,Reptil,Lista Roja de los Reptiles del Ecuador 2005,VU,not_found,no,,,
Anolis aequalorialis,Reptil,Lista Roja de los Reptiles del Ecuador 2005,NT,not_found,no,,,
Anolis binolatus,Reptil,Lista Roja de los Reptiles del Ecuador 2005,DD,not_found,no,,,
Anolis biporcatus panauritus,Reptil,Lista Roja de los Reptiles del Ecuador 2005,LC,not_found,no,,,
Anolis bitectus,Reptil,Lista Roja de los Reptiles del Ecuador 2005,LC,not_found,no,,,
Anolis bombiceps,Reptil,Lista Roja de los Reptiles del Ecuador 2005,DD,not_found,no,,,
Anolis cbloris,Reptil,Lista Roja de los Reptiles del Ecuador 2005,LC,not_found,no,,,
Anolis cbocorum,Reptil,Lista Roja de los Reptiles del Ecuador 2005,DD,not_found,no,,,
Anolis fasciatus,Reptil,Lista Roja de los Reptiles del Ecuador 2005,LC,not_found,no,,,
Anolis gracilipes,Reptil,Lista Roja de los Reptiles del Ecuador 2005,LC,not_found,no,,,
Anolis jestae,Reptil,Lista Roja de los Reptiles del Ecuador 2005,NT,not_found,no,,,
Anolis nigrolineatus,Reptil,Lista Roja de los Reptiles del Ecuador 2005,DD,not_found,no,,,
Anolis nilens scypheus,Reptil,Lista Roja de los Reptiles del Ecuador 2005,LC,not_found,no,,,
Anolis ortonii,Reptil,Lista Roja de los Reptiles del Ecuador 2005,LC,not_found,no,,,
Anolis princeps,Reptil,Lista Roja de los Reptiles del Ecuador 2005,NT,not_found,no,,,
Anolis trachyderma,Reptil,Lista Roja de los Reptiles del Ecuador 2005,LC,not_found,no,,,
Anolis vamolinii,Reptil,Lista Roja de los Reptiles del Ecuador 2005,EN,not_found,no,,,
Arthrosaura reticolala,Reptil,Lista Roja de los Reptiles del Ecuador 2005,LC,not_found,no,,,
Atracas gaigeae,Reptil,Lista Roja de los Reptiles del Ecuador 2005,LC,not_found,no,,,
Atracas lehmami,Reptil,Lista Roja de los Reptiles del Ecuador 2005,DD,not_found,no,,,
Bachia trisanale trisanale,Reptil,Lista Roja de los Reptiles del Ecuador 2005,LC,not_found,no,,,
Balrachemp helioslemme,Reptil,Lista Roja de los Reptiles del Ecuador 2005,DD,not_found,no,,,
Batrachemys raniceps,Reptil,Lista Roja de los Reptiles del Ecuador 2005,NT,not_found,no,,,
Boa comtriclor constrictor,Reptil,Lista Roja de los Reptiles del Ecuador 2005,VU,not_found,no,,,
Boa constrictor imperalor,Reptil,Lista Roja de los Reptiles del Ecuador 2005,VU,not_found,no,,,
Bolhrocophias microphlhalmie,Reptil,Lista Roja de los Reptiles del Ecuador 2005,VU,not_found,no,,,
Bolhrops asper,Reptil,Lista Roja de los Reptiles del Ecuador 2005,LC,not_found,no,,,
Bolhrops punclalus,Reptil,Lista Roja de los Reptiles del Ecuador 2005,NT,not_found,no,,,
Bothrocophias hyoprora,Reptil,Lista Roja de los Reptiles del Ecuador 2005,LC,not_found,no,,,
Bothrops atrox,Reptil,Lista Roja de los Reptiles del Ecuador 2005,LC,not_found,no,,,
Cercosaura arguite,Reptil,Lista Roja de los Reptiles del Ecuador 2005,LC,not_found,no,,,
Cercosaura dicrus,Reptil,Lista Roja de los Reptiles del Ecuador 2005,DD,not_found,no,,,
Cercosaura manicane manicane,Reptil,Lista Roja de los Reptiles del Ecuador 2005,NT,not_found,no,,,
Chironius carinatus carinaos,Reptil,Lista Roja de los Reptiles del Ecuador 2005,LC,not_found,no,,,
Chironius scurrulus,Reptil,Lista Roja de los Reptiles del Ecuador 2005,LC,not_found,no,,,
Clelia delia,Reptil,Lista Roja de los Reptiles del Ecuador 2005,LC,not_found,no,,,
Clelia equatoriana,Reptil,Lista Roja de los Reptiles del Ecuador 2005,NT,not_found,no,,,
Clelia scytalina,Reptil,Lista Roja de los Reptiles del Ecuador 2005,DD,not_found,no,,,
Coniophanes dromicijormis,Reptil,Lista Roja de los Reptiles del Ecuador 2005,NT,not_found,no,,,
Conolophus pallidus,Reptil,Lista Roja de los Reptiles del Ecuador 2005,VU,not_found,no,,,
Conolophus subcristalus,Reptil,Lista Roja de los Reptiles del Ecuador 2005,VU,not_found,no,,,
Coralito colimo,Reptil,Lista Roja de los Reptiles del Ecuador 2005,NT,not_found,no,,,
Corallo blombergi,Reptil,Lista Roja de los Reptiles del Ecuador 2005,EN,not_found,no,,,
Crocodylus acutus,Reptil,Lista Roja de los Reptiles del Ecuador 2005,CR,not_found,no,,,
Diplogiossus monotropis,Reptil,Lista Roja de los Reptiles del Ecuador 2005,NT,not_found,no,,,
Dracaena guianensis,Reptil,Lista Roja de los Reptiles del Ecuador 2005,LC,not_found,no,,,
Echinosaura brachycephala,Reptil,Lista Roja de los Reptiles del Ecuador 2005,DD,not_found,no,,,
Echinosaura orcesi,Reptil,Lista Roja de los Reptiles del Ecuador 2005,DD,not_found,no,,,
Eiythrolam prus guentheri,Reptil,Lista Roja de los Reptiles del Ecuador 2005,NT,not_found,no,,,
Emoles tnurim mriitta,Reptil,Lista Roja de los Reptiles del Ecuador 2005,EN,not_found,no,,,
Enyalioides cofanorum,Reptil,Lista Roja de los Reptiles del Ecuador 2005,NT,not_found,no,,,
Enyalioides laticeps,Reptil,Lista Roja de los Reptiles del Ecuador 2005,LC,not_found,no,,,
Enyalioides microlepis,Reptil,Lista Roja de los Reptiles del Ecuador 2005,LC,not_found,no,,,
Enyalioides oshaughnessyi,Reptil,Lista Roja de los Reptiles del Ecuador 2005,VU,not_found,no,,,
Enyalioides praeslaiilis,Reptil,Lista Roja de los Reptiles del Ecuador 2005,VU,not_found,no,,,
Epicrales cenchria cenchria,Reptil,Lista Roja de los Reptiles del Ecuador 2005,LC,not_found,no,,,
Etepondglus guentheri,Reptil,Lista Roja de los Reptiles del Ecuador 2005,VU,not_found,no,,,
Euspondglus maculane,Reptil,Lista Roja de los Reptiles del Ecuador 2005,VU,not_found,no,,,
Geochelone darwini,Reptil,Lista Roja de los Reptiles del Ecuador 2005,EN,not_found,no,,,
Geochelone denticulala,Reptil,Lista Roja de los Reptiles del Ecuador 2005,VU,not_found,no,,,
Geochelone ephippium,Reptil,Lista Roja de los Reptiles del Ecuador 2005,CR,not_found,no,,,
Geochelone guntheri,Reptil,Lista Roja de los Reptiles del Ecuador 2005,CR,not_found,no,,,
Geochelone hoodensis,Reptil,Lista Roja de los Reptiles del Ecuador 2005,EN,not_found,no,,,
Geochelone microphyes,Reptil,Lista Roja de los Reptiles del Ecuador 2005,EN,not_found,no,,,
Geochelone nigrita,Reptil,Lista Roja de los Reptiles del Ecuador 2005,VU,not_found,no,,,
Geocklone bechi,Reptil,Lista Roja de los Reptiles del Ecuador 2005,VU,not_found,no,,,
Gonalodes caudisculatus,Reptil,Lista Roja de los Reptiles del Ecuador 2005,LC,not_found,no,,,
Gonalodes concinnatus,Reptil,Lista Roja de los Reptiles del Ecuador 2005,LC,not_found,no,,,
Hmidactyius mabouia,Reptil,Lista Roja de los Reptiles del Ecuador 2005,NE,not_found,no,,,
Iguana iguana iguana,Reptil,Lista Roja de los Reptiles del Ecuador 2005,LC,binomial_model_species,yes,allowed,common green iguana,265cec39-e155-4897-9e7f-06f62fc22af1;reptilia;squamata;iguanidae;iguana;iguana;common green iguana
Iphisa elegans elegans,Reptil,Lista Roja de los Reptiles del Ecuador 2005,LC,not_found,no,,,
Keniropyx pelviceps,Reptil,Lista Roja de los Reptiles del Ecuador 2005,LC,not_found,no,,,
Kinoslemon leucostormm postinguinale,Reptil,Lista Roja de los Reptiles del Ecuador 2005,EN,not_found,no,,,
Kinoslemon scorpioides scorpioides,Reptil,Lista Roja de los Reptiles del Ecuador 2005,NT,not_found,no,,,
Lepiomicnm narduccii melanotie,Reptil,Lista Roja de los Reptiles del Ecuador 2005,LC,not_found,no,,,
Leposoma parietale,Reptil,Lista Roja de los Reptiles del Ecuador 2005,LC,not_found,no,,,
Leptomicrune scutiventris,Reptil,Lista Roja de los Reptiles del Ecuador 2005,DD,not_found,no,,,
Leptophis cupreus,Reptil,Lista Roja de los Reptiles del Ecuador 2005,DD,not_found,no,,,
Liolyphlops albiroslris,Reptil,Lista Roja de los Reptiles del Ecuador 2005,DD,not_found,no,,,
Micrune annellatus annellatie,Reptil,Lista Roja de los Reptiles del Ecuador 2005,DD,not_found,no,,,
Micrune bocourli,Reptil,Lista Roja de los Reptiles del Ecuador 2005,VU,not_found,no,,,
Paleosuchus palpebrosus,Reptil,Lista Roja de los Reptiles del Ecuador 2005,DD,not_found,no,,,
Paletmhus trigonatus,Reptil,Lista Roja de los Reptiles del Ecuador 2005,LC,not_found,no,,,
Pellocephalus dumeriliams,Reptil,Lista Roja de los Reptiles del Ecuador 2005,DD,not_found,no,,,
Philodryas hooden sis,Reptil,Lista Roja de los Reptiles del Ecuador 2005,VU,not_found,no,,,
Philodryas sim onsii,Reptil,Lista Roja de los Reptiles del Ecuador 2005,DD,not_found,no,,,
Pholidoholus affine,Reptil,Lista Roja de los Reptiles del Ecuador 2005,NT,not_found,no,,,
Pholidoholus prefrontalis,Reptil,Lista Roja de los Reptiles del Ecuador 2005,NT,not_found,no,,,
Phrywps geojjroam,Reptil,Lista Roja de los Reptiles del Ecuador 2005,NT,not_found,no,,,
Phyllodacnius baurii,Reptil,Lista Roja de los Reptiles del Ecuador 2005,NT,not_found,no,,,
Phyllodactfius reissii,Reptil,Lista Roja de los Reptiles del Ecuador 2005,LC,not_found,no,,,
Phyllodactflus barringtonensis,Reptil,Lista Roja de los Reptiles del Ecuador 2005,NT,not_found,no,,,
Phyllodactylus leei,Reptil,Lista Roja de los Reptiles del Ecuador 2005,NT,not_found,no,,,
Plalemys platycephala,Reptil,Lista Roja de los Reptiles del Ecuador 2005,NT,not_found,no,,,
Plica plica,Reptil,Lista Roja de los Reptiles del Ecuador 2005,LC,not_found,no,,,
Podocnemis expama,Reptil,Lista Roja de los Reptiles del Ecuador 2005,CR,not_found,no,,,
Podocnemis mifilis,Reptil,Lista Roja de los Reptiles del Ecuador 2005,VU,not_found,no,,,
Polychrus femoralis,Reptil,Lista Roja de los Reptiles del Ecuador 2005,NT,not_found,no,,,
Polychrus gutlurosus spurrelli,Reptil,Lista Roja de los Reptiles del Ecuador 2005,VU,not_found,no,,,
Polychrus gutturosus gutturosus,Reptil,Lista Roja de los Reptiles del Ecuador 2005,VU,not_found,no,,,
Polychrus liogasler,Reptil,Lista Roja de los Reptiles del Ecuador 2005,DD,not_found,no,,,
Psemles shropshirei,Reptil,Lista Roja de los Reptiles del Ecuador 2005,LC,not_found,no,,,
Psemles sulphureus sulphureus,Reptil,Lista Roja de los Reptiles del Ecuador 2005,LC,not_found,no,,,
Ptgchoglossus brevifrontalis,Reptil,Lista Roja de los Reptiles del Ecuador 2005,NT,not_found,no,,,
Rhadinaea brevirostris,Reptil,Lista Roja de los Reptiles del Ecuador 2005,LC,not_found,no,,,
Rhadinaea decorala,Reptil,Lista Roja de los Reptiles del Ecuador 2005,DD,not_found,no,,,
Rhinobolhryum lentiginosum,Reptil,Lista Roja de los Reptiles del Ecuador 2005,DD,not_found,no,,,
Saphenophis atahuallpae,Reptil,Lista Roja de los Reptiles del Ecuador 2005,DD,not_found,no,,,
Saphenophis bomieri,Reptil,Lista Roja de los Reptiles del Ecuador 2005,VU,not_found,no,,,
Sibon nebulala,Reptil,Lista Roja de los Reptiles del Ecuador 2005,LC,not_found,no,,,
Siphlophis compressus,Reptil,Lista Roja de los Reptiles del Ecuador 2005,LC,not_found,no,,,
Slenocercus aculeatus,Reptil,Lista Roja de los Reptiles del Ecuador 2005,LC,not_found,no,,,
Slenocercus chola,Reptil,Lista Roja de los Reptiles del Ecuador 2005,VU,not_found,no,,,
Slenocercus feslae,Reptil,Lista Roja de los Reptiles del Ecuador 2005,VU,not_found,no,,,
Slenocercus gueniheri,Reptil,Lista Roja de los Reptiles del Ecuador 2005,NT,not_found,no,,,
Slenocercus haenschi,Reptil,Lista Roja de los Reptiles del Ecuador 2005,DD,not_found,no,,,
Slenocercus humeralis,Reptil,Lista Roja de los Reptiles del Ecuador 2005,NT,not_found,no,,,
Slenocercus iridescens,Reptil,Lista Roja de los Reptiles del Ecuador 2005,LC,not_found,no,,,
Slenocercus omatus,Reptil,Lista Roja de los Reptiles del Ecuador 2005,EN,not_found,no,,,
Slenocercus rhodomelas,Reptil,Lista Roja de los Reptiles del Ecuador 2005,VU,not_found,no,,,
Slenocercus simonsii,Reptil,Lista Roja de los Reptiles del Ecuador 2005,DD,not_found,no,,,
Slenocercus varius,Reptil,Lista Roja de los Reptiles del Ecuador 2005,VU,not_found,no,,,
Sphaerodactylus scapularis,Reptil,Lista Roja de los Reptiles del Ecuador 2005,EN,not_found,no,,,
Spiloies megalolepis,Reptil,Lista Roja de los Reptiles del Ecuador 2005,VU,not_found,no,,,
Stenocercus angel,Reptil,Lista Roja de los Reptiles del Ecuador 2005,VU,not_found,no,,,
Symphis bicolor,Reptil,Lista Roja de los Reptiles del Ecuador 2005,NT,not_found,no,,,
Synopbis calamilus,Reptil,Lista Roja de los Reptiles del Ecuador 2005,DD,not_found,no,,,
Synopbis lasallei,Reptil,Lista Roja de los Reptiles del Ecuador 2005,NT,not_found,no,,,
Tanlilla andinista,Reptil,Lista Roja de los Reptiles del Ecuador 2005,CR,not_found,no,,,
Tanlilla capislrala,Reptil,Lista Roja de los Reptiles del Ecuador 2005,DD,not_found,no,,,
Tanlilla melanocephala,Reptil,Lista Roja de los Reptiles del Ecuador 2005,LC,not_found,no,,,
Tanlilla miyalai,Reptil,Lista Roja de los Reptiles del Ecuador 2005,DD,not_found,no,,,
Tannila mulamontana,Reptil,Lista Roja de los Reptiles del Ecuador 2005,CR,not_found,no,,,
Thamnodywstes strigilis,Reptil,Lista Roja de los Reptiles del Ecuador 2005,DD,not_found,no,,,
Thecadactylus rapicauda,Reptil,Lista Roja de los Reptiles del Ecuador 2005,LC,not_found,no,,,
Tontillo pelerei,Reptil,Lista Roja de los Reptiles del Ecuador 2005,DD,not_found,no,,,
Trelanorbime tentato,Reptil,Lista Roja de los Reptiles del Ecuador 2005,LC,not_found,no,,,
Tupinam bis leguixin,Reptil,Lista Roja de los Reptiles del Ecuador 2005,LC,not_found,no,,,
Upidoblepharis buchvaldi,Reptil,Lista Roja de los Reptiles del Ecuador 2005,NT,not_found,no,,,
Upidoblepharis conolepis,Reptil,Lista Roja de los Reptiles del Ecuador 2005,EN,not_found,no,,,
Upidoblepharis festae,Reptil,Lista Roja de los Reptiles del Ecuador 2005,NT,not_found,no,,,
Upidoblepharis grandis,Reptil,Lista Roja de los Reptiles del Ecuador 2005,EN,not_found,no,,,
Upidoblepharis inlemedius,Reptil,Lista Roja de los Reptiles del Ecuador 2005,DD,not_found,no,,,
Upidoblepharis mthveni,Reptil,Lista Roja de los Reptiles del Ecuador 2005,EN,not_found,no,,,
Urotheca lateristriga,Reptil,Lista Roja de los Reptiles del Ecuador 2005,NT,not_found,no,,,
Xenodon rabdocephalus rabdocephahe,Reptil,Lista Roja de los Reptiles del Ecuador 2005,LC,not_found,no,,,
Xenopholis scalaris,Reptil,Lista Roja de los Reptiles del Ecuador 2005,DD,not_found,no,,,
